name_ar,name_en,price,image,link
"كونترولوك 20ملجم | 14 قرص | 2 شريط","Controloc 20mg | 14 Tabs | 2 Strips","100","https://cdn.chefaa.com/filters:format(webp)/public/uploads/products/controloc-antacid-20mg-14tab-01718194924.png","https://chefaa.com/eg-ar/nowProduct/controloc-antacid-20mg-14tab"
"اقراص دوليبران 1000 باراسيتامول doliprane | ١٥ قرص","Doliprane Pain & Fever 1000mg | 15 Tabs","48","https://cdn.chefaa.com/filters:format(webp)/public/uploads/products/novaldol-analgesic-and-pain-killer-1000-mg-15-tablets-01754834008.png","https://chefaa.com/eg-ar/nowProduct/novaldol-analgesic-and-pain-killer-1000-mg-15-tablets"
"بانادول كولد اند فلو علاج فعال لأعراض البرد و الإنفلونزا | ...","Panadol Cold & Flu Non-Drowsy for Effective Relief from Col...","76","https://cdn.chefaa.com/filters:format(webp)/public/uploads/products/panadol-cold-and-flu-day-01757586304.png","https://chefaa.com/eg-ar/nowProduct/panadol-cold-and-flu-day"
"ايريوس أقراص لحساسية الانف والارتيكاريا 5 مجم |20 قرص","Aerius Anti- Allergy & Urticaria 5mg | 20 Tabs","118","https://cdn.chefaa.com/filters:format(webp)/public/uploads/products/aerius-5mg-30-tab-01744709703.png","https://chefaa.com/eg-ar/nowProduct/aerius-5mg-30-tab"
"نازونيكس 0.05% بخاخ للانف موميتازون فيورات مونوهيدرات 120 ب...","Nasonex 0.05% Mometasone Furoate Monohydrate Nasal Spray 12...","157","https://cdn.chefaa.com/filters:format(webp)/public/uploads/products/nasonex-005-mometasone-furoate-monohydrate-aqueous-nasal-spray-scent-free-18-grw0tq-01744709642.png","https://chefaa.com/eg-ar/nowProduct/nasonex-005-mometasone-furoate-monohydrate-aqueous-nasal-spray-scent-free-18-grW0TQ"
"تلفاست مضاده للحساسية ولا تسبب النعاس 120مجم | 20 قرص","Telfast Allergy Non Sedating 120 mg For Allergic Rhinitis |...","116","https://cdn.chefaa.com/filters:format(webp)/public/uploads/products/telfast-antihistamine-allergy-tablets-120-mg-20-tablets-01742218104.png","https://chefaa.com/eg-ar/nowProduct/telfast-antihistamine-allergy-tablets-120-mg-20-tablets"
"بخاخ نازاكورت للانف للحساسية واحتقان الانف 55 ميكجم | 120جرعه","Nasacort AQ Allergy Nasal spray suspension 55 micrograms/do...","151","https://cdn.chefaa.com/filters:format(webp)/public/uploads/products/nasacort-aq-allergy-nasal-spray-suspension-55-microgramsdose-24-hours-relief-of-nasal-congestion-sneezing-runny-nose-itchy-nose-01742217532.png","https://chefaa.com/eg-ar/nowProduct/nasacort-aq-allergy-nasal-spray-suspension-55-microgramsdose-24-hours-relief-of-nasal-congestion-sneezing-runny-nose-itchy-nose"
"انتروجرمينا امبول بروبيوتيك للقولون للاطفال والكبار 2 مليار...","Enterogermina Probiotics 2 Billion/5ml Oral Suspension Rest...","180","https://cdn.chefaa.com/filters:format(webp)/public/uploads/products/enterogermina-oral-suspension-2-billion-5ml-20-vials-fvga-01742215810.png","https://chefaa.com/eg-ar/nowProduct/enterogermina-oral-suspension-2-billion-5ml-20-vials-fvga"
"دواء برونشيكم شراب للكبار وللاطفال للكحة bronchicum syrup |...","Bronchicum Anti cough Elixir herbal medicine used in case o...","69","https://cdn.chefaa.com/filters:format(webp)/public/uploads/products/bronchicum-s-elixir-anti-cough-elixir-100-ml-01742214935.png","https://chefaa.com/eg-ar/nowProduct/bronchicum-s-elixir-anti-cough-elixir-100-ml"
"لينكس للبالغين | 14 كبسولة","Linex Adults | 14 Caps","225","https://cdn.chefaa.com/filters:format(webp)/public/uploads/products/linex-adults-14-capsules-zkse-01724148665.png","https://chefaa.com/eg-ar/nowProduct/linex-adults-14-capsules-zkse"
"مالوكس اكياس maalox دواء للحموضه والحرقان - ليمون | 20 كيس","Maalox | Antacid Oral Suspensions Lemon Flavoring | 20 Sach...","120","https://cdn.chefaa.com/filters:format(webp)/public/uploads/products/maalox-antacid-oral-suspensions-in-sachets-lemon-flavoring-20-sachets-each-5ml-stomach-pain-heartburn-gastroesophageal-reflux-01742216957.png","https://chefaa.com/eg-ar/nowProduct/maalox-antacid-oral-suspensions-in-sachets-lemon-flavoring-20-sachets-each-5ml-stomach-pain-heartburn-gastroesophageal-reflux"
"انتوبرال ٢٠ مجم حبوب المعدة لعلاج الحموضة والحرقان | 14 قرص","Antopral 20mg Heartburn | 14 Tabs","88","https://cdn.chefaa.com/filters:format(webp)/public/uploads/products/antopral-20-mg-14-tab-djij-01732106352.png","https://chefaa.com/eg-ar/nowProduct/antopral-20-mg-14-tab-djij"
"تلفاست اقراص لحساسية الانف والارتيكاريا 180مجم | 20 قرص","Telfast Allergy Non-Sedating 180 mg | 20 Tablets","160","https://cdn.chefaa.com/filters:format(webp)/public/uploads/products/telfast-antihistamine-allergy-tablets-180-mg-20-tablets-01742218244.png","https://chefaa.com/eg-ar/nowProduct/telfast-antihistamine-allergy-tablets-180-mg-20-tablets"
"روتادايجست | 30 كبسولة","Rotadigest | 30 Caps","250","https://cdn.chefaa.com/filters:format(webp)/public/uploads/products/rotadigest-30-caps-2pg9-01744115078.png","https://chefaa.com/eg-ar/nowProduct/rotadigest-30-caps-2pg9"
"قطرة أوتريفين للكبار نقط للانف Otrivin للاحتقان والانسداد |...","Otrivin | Adult 0.1% Nasal Drops Unblocks Your Nose within ...","24","https://cdn.chefaa.com/filters:format(webp)/public/uploads/products/otrivin-nasal-drops-adult-15-ml-01757586554.png","https://chefaa.com/eg-ar/nowProduct/otrivin-nasal-drops-adult-15-ml"
"اقراص كونجستال للبرد congestal tab | ٢٠ قرص","Congestal To Treat Cold and Flu | 20 Tabs","50","https://cdn.chefaa.com/filters:format(webp)/public/uploads/products/congestal-tab-01668935220.png","https://chefaa.com/eg-ar/nowProduct/congestal-tab"
"برشام فياجرا 100 للرجال للانتصاب (سيلدينافيل 100 مجم) | 4 قرص","Viagra | Sexual Problems 100mg | 4 Tabs","144","https://cdn.chefaa.com/filters:format(webp)/public/uploads/products/viagra-100-mg-01721401458.png","https://chefaa.com/eg-ar/nowProduct/viagra-100-mg"
"بانادول مايجرين اقراص مسكن للصداع النصفي | 30 قرص","Panadol Migraine | 30 Tabs","51","https://cdn.chefaa.com/filters:format(webp)/public/uploads/products/panadol-migraine-01757600065.png","https://chefaa.com/eg-ar/nowProduct/panadol-migraine"
"التراكايين جل مخدر موضعى ultracaine gel | ٣٠ جم","Ultracaine Gel 5% | 30gm","31","https://cdn.chefaa.com/filters:format(webp)/public/uploads/products/ultracaine-gel-5-30gm-mlrv-01666136042.png","https://chefaa.com/eg-ar/nowProduct/ultracaine-gel-5-30gm-1q5a"
"أوبلكس-ن شراب | للكحه وطارد للبلغم | 125 مل","Oplex-N Syrup | Cough and expectorant | 125 ml","31","https://cdn.chefaa.com/filters:format(webp)/public/uploads/products/oplex-n-syup-01736859156.png","https://chefaa.com/eg-ar/nowProduct/oplex-n-syup"
"دواء ميثايلتكنو للنساء والرجال Methyltechno بديل حقن فيتامي...","Methyltechno 1000mcg | 30 Orodissolvable Films","135","https://cdn.chefaa.com/filters:format(webp)/public/uploads/products/methyltechno-1000-mcg-30-orodissolvable-films-2hmo-01672675372.png","https://chefaa.com/eg-ar/nowProduct/methyltechno-1000-mcg-30-orodissolvable-films-2hmo"
"بيكتول استحلاب للزور بالليمون والعسل | 1 شريط","Pectol Fresh (Lemon + Honey) | 1 Tab","25","https://cdn.chefaa.com/filters:format(webp)/public/uploads/products/pectol-fresh-lemonvitc-8tab-5njg-01669126134.png","https://chefaa.com/eg-ar/nowProduct/pectol-fresh-lemonvitc-8tab-5njg"
"اميجراويست 2.5 amigrawest tab برشام للصداع النصفي | 4 اقراص","Amigrawest for migraine 2.5mg | 4 Tabs","56","https://cdn.chefaa.com/filters:format(webp)/public/uploads/products/amigrawest-25mg-4tabs-qfxf-1641156776.png","https://chefaa.com/eg-ar/nowProduct/amigrawest-25mg-4tabs-qfxf"
"ديفارول اس 200000وحده دوليه /2مل | 1 امبول","Devarol-S 200.000 I.U / 2ml | 1 AMP","34","https://cdn.chefaa.com/filters:format(webp)/public/uploads/products/devarol-s-200000-iu-2-ml-sol-for-im-inj-1-amp-hziq-01670685123.png","https://chefaa.com/eg-ar/nowProduct/devarol-s-200000-iu-2-ml-sol-for-im-inj-1-amp-hziq"
"بانادول ادفانس 500 مجم باراسيتامول مسكن للألم بفاعلية | 48 قرص","Panadol | Advance Tablets for Fast Pain and Fever Treatment...","92","https://cdn.chefaa.com/filters:format(webp)/public/uploads/products/panadol-advance-24-tablet-01757585228.png","https://chefaa.com/eg-ar/nowProduct/panadol-advance-24-tablet"
"مانوفيبركين بلس سبراي مخدر موضعي | 15 مل","Manovipercaine Plus | 10% Spray | 15 ml","56","https://cdn.chefaa.com/filters:format(webp)/public/uploads/products/manovipercaine-10-spray-15-ml-4l49-01699276439.png","https://chefaa.com/eg-ar/nowProduct/manovipercaine-10-spray-15-ml-4l49"
"كريم كارباميد للوجه والمنطقه الحساسة والقدم للجفاف والتفتيح...","Carbamide Urea 0.1gm/gm Topical Cream | 30gm","40","https://cdn.chefaa.com/filters:format(webp)/public/uploads/products/carbamide-cream-50-gm-01724026487.png","https://chefaa.com/eg-ar/nowProduct/carbamide-cream-50-gm"
"كيناكومب كريم للتسلخات وعلاج الالتهابات | 15جم","Kenacomb Cream | 15gm","36","https://cdn.chefaa.com/filters:format(webp)/public/uploads/products/1628594870kenacomb-cream-15gm-chefaajpeg","https://chefaa.com/eg-ar/nowProduct/kenacomb-cream-15-gm"
"كريم زنك اوليف للمنطقه الحساسة zinc olive cream | ٧٥ جم","Zinc Olive Topical Cream for Diaper Area | 75gm","80","https://cdn.chefaa.com/filters:format(webp)/public/uploads/products/zinc-olive-topical-cream-75-gm-01675162632.png","https://chefaa.com/eg-ar/nowProduct/zinc-olive-topical-cream-75-gm"
"كريم بانثينول للوجه والشعر مرطب فعال panthenol cream | ٥٠ جم","Panthenol Cream 2% | 50gm","80","https://cdn.chefaa.com/filters:format(webp)/public/uploads/products/1594655177panthenol-cream-50gmjpg","https://chefaa.com/eg-ar/nowProduct/panthenol-cream-50-gm"
"إكتوميثرين 5 (بيرميثرين 5٪) للبالغين | 50مل","Ectomethrin 5% Lotion for Adults | 50ml","55","https://cdn.chefaa.com/filters:format(webp)/public/uploads/products/1628512021اكتوميثرين-5-بيرميثرين-5-للبالغين-50ملpng","https://chefaa.com/eg-ar/nowProduct/ectomethrin-5-lotion-for-adults-50ml-v1hp"
"حبوب فياجرا ٥٠ سيلدينافيل للرجال لضعف الانتصاب | 4 أقراص","Viagra | Sexual Problems 50mg | 4 Tabs","112","https://cdn.chefaa.com/filters:format(webp)/public/uploads/products/viagra-50-mg-01686657145.png","https://chefaa.com/eg-ar/nowProduct/viagra-50-mg"
"ليدوكايين سبراي بنج موضعي بخاخ لازالة الشعر وتأخير القذف | ...","Lidocaine | Spray 10% | 15ml","38","https://cdn.chefaa.com/filters:format(webp)/public/uploads/products/lidocaine-spray10-15ml-urwb-01690293358.png","https://chefaa.com/eg-ar/nowProduct/lidocaine-spray10-15ml-urwb"
"بريدوكايين كريم | 30جم","Pridocaine Cream | 30gm","55","https://cdn.chefaa.com/filters:format(webp)/public/uploads/products/pridocaine-cream-30-gm-7wg0-01720229894.png","https://chefaa.com/eg-ar/nowProduct/pridocaine-cream-30-gm-7wg0"
"مرهم ميبو للحروق والجروح mebo | ١٥ جم","Mebo | Ointment For Superficial Burns And Abrasions| 15gm","109","https://cdn.chefaa.com/filters:format(webp)/public/uploads/products/1628668245mebo-15gmjpeg","https://chefaa.com/eg-ar/nowProduct/mebo-ointment-15-gm"
"بانثينول كريم 2% | 20 جرام","Panthenol Cream 2% | 20gm","38","https://cdn.chefaa.com/filters:format(webp)/public/uploads/products/panthenol-cream-2-20gm-dfsk-01748250123.png","https://chefaa.com/eg-ar/nowProduct/panthenol-cream-2-20gm-dfsk"
"برشام فلاجيل 500 للالتهابات ومطهر معوي flagyl tablet | ٢٠ قرص","Flagyl Intestinal Antiseptic 500mg | 20 Tabs","34","https://cdn.chefaa.com/filters:format(webp)/public/uploads/products/flagyl-500-tablet-01721656290.png","https://chefaa.com/eg-ar/nowProduct/flagyl-500-tablet"
"لاميفين كريم 1٪ | 15 جم","Lamifen 1% | Cream | 15gm","18","https://cdn.chefaa.com/filters:format(webp)/public/uploads/products/lamifen-1-cream-15gm-tg5h-01668922631.png","https://chefaa.com/eg-ar/nowProduct/lamifen-1-cream-15gm-y3tg"
"الفينترن مضاد للالتهابات | 30 قرص","Alphintern Anti Inflammatory | 30 Tabs","87","https://cdn.chefaa.com/filters:format(webp)/public/uploads/products/alphintern-anti-inflammatory-30tab-bpuf-01673270729.png","https://chefaa.com/eg-ar/nowProduct/alphintern-anti-inflammatory-30tab-bpuf"
"اقراص كتافلام 50 مسكن للاسنان والصداع cataflam | ٢٠ قرص","Cataflam 50mg | 20 Tabs","86","https://cdn.chefaa.com/filters:format(webp)/public/uploads/products/cataflam-50-mg-tab-01723552610.png","https://chefaa.com/eg-ar/nowProduct/cataflam-50-mg-tab"
"اقراص سيالونج 20 مجم cialong لضعف الانتصاب | 4 أقراص","Cialong 20mg | 4 Tabs","60","https://cdn.chefaa.com/filters:format(webp)/public/uploads/products/cialong-20mg-4tabs-6wd9-01722460680.png","https://chefaa.com/eg-ar/nowProduct/cialong-20mg-4tabs-6wd9"
"برونشيكم أقراص استحلاب بنكهة النعناع لتخفيف اعراض الكحة | 2...","Bronchicum Lozenges Anti cough 100 mg Dietary Supplement fo...","90","https://cdn.chefaa.com/filters:format(webp)/public/uploads/products/bronchicum-anti-cough-100mg-20-lozenges-wn0x-01742214835.png","https://chefaa.com/eg-ar/nowProduct/bronchicum-anti-cough-100mg-20-lozenges-wn0x"
"أقراص تادالونج 20 مجم للانتصاب tadalong tab | ٤ أقراص","Tadalong Tadalafil 20mg | 4 Tabs","84","https://cdn.chefaa.com/filters:format(webp)/public/uploads/products/tadalong-20-mg-4-tab-7bzl-01724676907.png","https://chefaa.com/eg-ar/nowProduct/tadalong-20-mg-4-tab-7bzl"
"ميباكو برشام فوليك اسيد ٥٠٠ للحامل وصحة الشعر | 20 قرص","Folic Acid 500mcg | 20 Tabs (MEPACO)","20","https://cdn.chefaa.com/filters:format(webp)/public/uploads/products/folic-acid-mepaco-500-mcg-20-tabs-52ks-01736413470.png","https://chefaa.com/eg-ar/nowProduct/folic-acid-mepaco-500-mcg-20-tabs-52ks"
"تلفاست شراب للاطفال لأعراض البرد والحساسية بطعم التوت | 100مل","Telfast Allergy Non-Sedating | 100 ml Oral Suspension Raspb...","50","https://cdn.chefaa.com/filters:format(webp)/public/uploads/products/telfast-30mg-5ml-susp-100ml--01742218560.png","https://chefaa.com/eg-ar/nowProduct/telfast-30mg-5ml-susp-100ml-"
"دواء لاري برو استحلاب للزور والحلق للاحتقان والالتهاب | 20 قرص","Larypro to Treat Sore Throat | 20 Lozenges","44","https://cdn.chefaa.com/filters:format(webp)/public/uploads/products/lary-pro-20-lozenges-01686654584.png","https://chefaa.com/eg-ar/nowProduct/lary-pro-20-lozenges"
"اولفنت شراب للاطفال والكبار للكحة allvent syrup | ١٢٥ مل","All-Vent Syrup for Cough | 125ml","34","https://cdn.chefaa.com/filters:format(webp)/public/uploads/products/1630931095all-vent-syrup-to-cough-125-mljpg","https://chefaa.com/eg-ar/nowProduct/all-vent-syrup-125-ml"
"كبسول ميباكو كروميوم للتخسيس مكمل غذائي | 20 كبسولة","Chromium 200mcg | 20 Caps","40","https://cdn.chefaa.com/filters:format(webp)/public/uploads/products/chromium-200mcg-20cap-nnho-01736411141.png","https://chefaa.com/eg-ar/nowProduct/chromium-200mcg-20cap-nnho"
"ماكرو بانثينول كريم للبشرة الدهنية والجافة macro panthenol ...","Macro Panthenol | Cream | 50gm","60","https://cdn.chefaa.com/filters:format(webp)/public/uploads/products/macro-panthenol-cream-50-gm-01680176758.png","https://chefaa.com/eg-ar/nowProduct/macro-panthenol-cream-50-gm"
"فوار استيل سستايين 600 مذيب وطارد للبلغم | 10 أكياس","Acetylcistein | To Treat Bronchitis Effervescent Bags 600ml...","70","https://cdn.chefaa.com/filters:format(webp)/public/uploads/products/1630999764acetylcistein-to-treat-bronchitis-effervescent-bags-600mljpg","https://chefaa.com/eg-ar/nowProduct/acetylcistein-600mg-sachets"
"مرهم فاكتو للبواسير والناسور والشرخ faktu ointment | ٣٠ جم","Faktu Ointment For Internal and External Hemorrhoids | 30gm","76","https://cdn.chefaa.com/filters:format(webp)/public/uploads/products/faktu-ointment-30g-for-internal-and-external-haemorrhoids-01721634592.png","https://chefaa.com/eg-ar/nowProduct/faktu-ointment-30g-for-internal-and-external-haemorrhoids"
"أكريتين 0.025٪ كريم | 30جم","Acretin 0.025% Cream | 30gm","38","https://cdn.chefaa.com/filters:format(webp)/public/uploads/products/acretin-0025-cream-30-gm-jjad-01670783383.png","https://chefaa.com/eg-ar/nowProduct/acretin-0025-cream-30-gm-jjad"
"كونترابلان || 0.7مج | 4 قرص","Contraplan II 0.75mg | 4 Tabs","40","https://cdn.chefaa.com/filters:format(webp)/public/uploads/products/contraplanii-075mg-4tap-nrnv-01674466505.png","https://chefaa.com/eg-ar/nowProduct/contraplanii-075mg-4tap-nrnv"
"برشام ميلجا ادفانس للرجال والنساء للأعصاب milga advance | ٣...","Milga Advance | 30 Tabs","150","https://cdn.chefaa.com/filters:format(webp)/public/uploads/products/milga-advance-30tab-wqzn-11690285660.png","https://chefaa.com/eg-ar/nowProduct/milga-advance-30tab-wqzn"
"لونا | مستنشق يزيل احتقان الأنف","Luna | Canister Inhaler","15","https://cdn.chefaa.com/filters:format(webp)/public/uploads/products/luna-canister-inhaler-24pcs-ms3q-01699976531.png","https://chefaa.com/eg-ar/nowProduct/luna-canister-inhaler-24pcs-ms3q_duW0NZef"
"هيرو بيبي | اتش ايه لبن اطفال | 400جم","Hero Baby | HA Milk | 400gm","389","https://cdn.chefaa.com/filters:format(webp)/public/uploads/products/hero-baby-ha-milk-400-gm-01724071888.png","https://chefaa.com/eg-ar/nowProduct/hero-baby-ha-milk-400-gm"
"لبن هيرو بيبي نيوتراديفنس 1 لتقوية المناعة | 400 جم","Hero Baby | Nutradefense 1 Milk | 400gm","349","https://cdn.chefaa.com/filters:format(webp)/public/uploads/products/hero-baby-nutradefense-1-milk-400-gm-01724072245.png","https://chefaa.com/eg-ar/nowProduct/hero-baby-nutradefense-1-milk-400-gm"
"لبن هيرو بيبي نيوتراديفنس 2 لنمو صحى وتقوية المناعة | 400 جم","Hero Baby | Nutradefense 2 Milk | 400gm","349","https://cdn.chefaa.com/filters:format(webp)/public/uploads/products/hero-baby-nutradefense-2-milk-400-gm-01713270740.png","https://chefaa.com/eg-ar/nowProduct/hero-baby-nutradefense-2-milk-400-gm"
"لبن هيرو بيبي 1 للرضع حتي 6 اشهر | 400جم","Hero Baby 1 Milk | 400gm","259","https://cdn.chefaa.com/filters:format(webp)/public/uploads/products/hero-baby-1-milk-400-gm-01724071518.png","https://chefaa.com/eg-ar/nowProduct/hero-baby-1-milk-400-gm"
"لبن هيرو بيبي دايجست للمغص والامساك hero baby digest | ٤٠٠ جم","Hero Baby Digest Milk | 400gm","359","https://cdn.chefaa.com/filters:format(webp)/public/uploads/products/hero-baby-digest-milk-400-gm-01724071778.png","https://chefaa.com/eg-ar/nowProduct/hero-baby-digest-milk-400-gm"
"لبن هيرو بيبي ال اف للحساسية تجاه سكر اللاكتوز | 400 جم","Hero Baby LF Milk | 400gm","356","https://cdn.chefaa.com/filters:format(webp)/public/uploads/products/hero-baby-lf-milk-400-gm-01724071976.png","https://chefaa.com/eg-ar/nowProduct/hero-baby-lf-milk-400-gm"
"ابيليفاي مضاد للذهان 15مج | 10 اقراص","Abilify Antipsychotic 15mg | 10 Tabs","330.5","https://cdn.chefaa.com/filters:format(webp)/public/uploads/products/abilify-antipsychotic-15mg-10tab-d6qn-01665935688.png","https://chefaa.com/eg-ar/nowProduct/abilify-antipsychotic-15mg-10tab-d6qn"
"ابيليفاي مضاد للذهان 5مج | 10 اقراص","Abilify Antipsychotic 5mg | 10 Tabs","134.5","https://cdn.chefaa.com/filters:format(webp)/public/uploads/products/abilify-antipsychotic-5mg-10tab-ogv8-01670340054.png","https://chefaa.com/eg-ar/nowProduct/abilify-antipsychotic-5mg-10tab-ogv8"
"أبيمول 300 ملجم | 5 أقماع","abimol 300mg | 5 supps","15","https://cdn.chefaa.com/filters:format(webp)/public/uploads/products/abimol-infant-300mg-5-suppositories-nynm-01672577662.png","https://chefaa.com/eg-ar/nowProduct/abimol-infant-300mg-5-suppositories-qgyd"
"أبيمول مسكن وخافض للحرارة 500مج | 20 قرص","Abimol Analgesic & Antipyretic 500mg | 20 Tabs","24","https://cdn.chefaa.com/filters:format(webp)/public/uploads/products/1621861754abimol-analgesic-antipyretic-500mg-20-tab-chefaapng","https://chefaa.com/eg-ar/nowProduct/abimol"
"أبيمول أكسترا | مسكن وخافض للحرارة 500/30مج | 20 قرص","Abimol Extra | Analgesic & Antipyretic 500/30mg | 20 Tabs","28","https://cdn.chefaa.com/filters:format(webp)/public/uploads/products/abimol-extra-01675347350.png","https://chefaa.com/eg-ar/nowProduct/abimol-extra"
"أسيكزيما | كريم موضعي | 15جم","Aceczema | Topical Cream | 15gm","33","https://cdn.chefaa.com/filters:format(webp)/public/uploads/products/aceczema-cream-15-gmb0nm-01735045932.png","https://chefaa.com/eg-ar/nowProduct/aceczema-cream-15-gmb0nM"
"استيل سستايين طارد للبلغم 200مج | 10 اكياس فوارة","Acetylcistein Expectorant 200mg | 10 Sach","55","https://cdn.chefaa.com/filters:format(webp)/public/uploads/products/acetylcysteine-expectorant-200mg-10sach-btnd-01721225978.png","https://chefaa.com/eg-ar/nowProduct/acetylcysteine-expectorant-200mg-10sach-btnd"
"أكتي كولا أدفانس | 10 كيس","Acti-Colla Advance | 10 Sachets","288","https://cdn.chefaa.com/filters:format(webp)/public/uploads/products/acti-colla-advance-10-sachets-lqkw-01668950055.png","https://chefaa.com/eg-ar/nowProduct/acti-colla-advance-10-sachets-edmz"
"أكتى كولا أدفانس | 30 كيس","Acti-Colla Advance | 30 Sachet","860","https://cdn.chefaa.com/filters:format(webp)/public/uploads/products/acticolla-advance-30-sachetstc3l-01747663968.png","https://chefaa.com/eg-ar/nowProduct/acticolla-advance-30-sachetsTc3l"
"اكتى كولا سي لعلاج التهاب وخشونة المفاصل | 10 أكياس","Acti-Colla C | 10 Sachets","288","https://cdn.chefaa.com/filters:format(webp)/public/uploads/products/acti-colla-c-10-sachets-viws-01686656088.png","https://chefaa.com/eg-ar/nowProduct/acti-colla-c-10-sachets-viws"
"أكياس اكتى كولا سي لعلاج التهاب وخشونة المفاصل | 30 كيس","Acti-Colla C | 30 Sachets","666","https://cdn.chefaa.com/filters:format(webp)/public/uploads/products/acti-colla-c-30-sachets-skkt-1643207790.png","https://chefaa.com/eg-ar/nowProduct/acti-colla-c-30-sachets-bzml"
"ادابالين جل مقشر للتفتيح وعلاج الحبوب والبقع الداكنة | 30 جم","Adapalene 0.1% Gel | 30gm","34","https://cdn.chefaa.com/filters:format(webp)/public/uploads/products/adapalene-gel-30-gm-6pio-01674981732.png","https://chefaa.com/eg-ar/nowProduct/adapalene-gel-30-gm-6pio"
"ادول | 500مج | 24 كبسولة","Adol | 500mg | 24 Caplets","32","https://cdn.chefaa.com/filters:format(webp)/public/uploads/products/adol-sinus-24-caplets-4zti-01678612271.png","https://chefaa.com/eg-ar/nowProduct/adol-sinus-24-caplets-4zti"
"ادويفلام | 75 ملجم | 6 أمبولات","Adwiflam | 75mg | 6 Ampules","72","https://cdn.chefaa.com/filters:format(webp)/public/uploads/products/adwiflam-75mg3ml-6-ampoules-tzhi-01721555119.png","https://chefaa.com/eg-ar/nowProduct/adwiflam-75mg3ml-6-ampoules-tzhi"
"ادويتين | 30 مجم | 30 كبسولات","Adwitine | 30 mg | 30 caps","243","https://cdn.chefaa.com/filters:format(webp)/public/uploads/products/adwitine-30-mg-30-caps-hdhs-01672584270.png","https://chefaa.com/eg-ar/nowProduct/adwitine-30-mg-30-caps-zc2g"
"افروميد كبسول مكمل غذائي للرجال afromed | ٣٠ كبسولة","Afromed | 30 Caps","195","https://cdn.chefaa.com/filters:format(webp)/public/uploads/products/afromed-30-caps-cpgl-01727436986.png","https://chefaa.com/eg-ar/nowProduct/afromed-30-caps-cpgl"
"أجيرا | كريم لحب الشباب | 50جم","Agera | Acne Cream | 50GM","159","https://cdn.chefaa.com/filters:format(webp)/public/uploads/products/agera-acne-cream-50gm-xwfu-01721294925.png","https://chefaa.com/eg-ar/nowProduct/agera-acne-cream-50gm-xwfu"
"اجركس | للوقاية من التجلط 75مج | 60 قرص","Aggrex | To Prevent Thrombosis 75mg | 60 Tabs","33","https://cdn.chefaa.com/filters:format(webp)/public/uploads/products/aggrex-to-prevent-thrombosis-75mg-60tab-l730-01666103385.png","https://chefaa.com/eg-ar/nowProduct/aggrex-to-prevent-thrombosis-75mg-60tab-l730"
"أجيولاكس حبيبات ملين طبيعي | 12 كيس","Agiolax Natural Laxative Granules | 12 Sachets","100","https://cdn.chefaa.com/filters:format(webp)/public/uploads/products/agiolax-sachets-01675954686.png","https://chefaa.com/eg-ar/nowProduct/agiolax-sachets"
"البندازول 400 ملجم | 6 أقراص","Albendazole 400mg | 6 Tabs","46","https://cdn.chefaa.com/filters:format(webp)/public/uploads/products/albendazol-400mg-6tab-8gb7-01672659848.png","https://chefaa.com/eg-ar/nowProduct/albendazol-400mg-6tab-gx5n"
"ألبوثيل لبوس مهبلي | 90جم | 8 اقماع","Albothyl | 90mg | 8 Vag. Supp","64","https://cdn.chefaa.com/filters:format(webp)/public/uploads/products/1627823549albothyl-90mg-8-vag-supppng","https://chefaa.com/eg-ar/nowProduct/albothyl-90-mg-8-vag-supp"
"الدوميت لتخفيض ضغط الدم 250مج | 30 قرص","Aldomet To Lower Blood Pressure 250mg | 30 Tabs","111","https://cdn.chefaa.com/filters:format(webp)/public/uploads/products/aldomet-to-lower-blood-pressure-250mg-30tab-ogs9-01665391800.png","https://chefaa.com/eg-ar/nowProduct/aldomet-to-lower-blood-pressure-250mg-30tab-ogs9"
"اليرجوليبر 10مجم | 20 قرص","Alergoliber 10mg | 20 Tabs","60","https://cdn.chefaa.com/filters:format(webp)/public/uploads/products/alergoliber-10-mg-10-tab-lrsw-01667856840.png","https://chefaa.com/eg-ar/nowProduct/alergoliber-10-mg-10-tab-uceh"
"اليرجوليبر 1 مجم / مل شراب | 120 مل","Alergoliber 1Mg / Ml Syrup | 120 Ml","53","https://cdn.chefaa.com/filters:format(webp)/public/uploads/products/alergoliber-syrup-120ml-qdql-01672735190.png","https://chefaa.com/eg-ar/nowProduct/alergoliber-syrup-120ml-ikgq"
"اليريد مضاد للحساسية 10مج | 30 قرص","Alerid Anti-allergic 10mg | 30 Tabs","93","https://cdn.chefaa.com/filters:format(webp)/public/uploads/products/alerid-anti-allergic-10mg-20tab-qtvf-01665594307.png","https://chefaa.com/eg-ar/nowProduct/alerid-anti-allergic-10mg-20tab-qtvf"
"الجازون | كريم لعلاج الآلام الروماتيزمية | 40جم","Algason | Cream Rheumatic Pain | 40gm","46","https://cdn.chefaa.com/filters:format(webp)/public/uploads/products/algason-rheumatic-pain-40gm-cream-fsst-01721563686.png","https://chefaa.com/eg-ar/nowProduct/algason-rheumatic-pain-40gm-cream-fsst"
"كريم ألجيزال سورا أكتيف | 40 جرام","Algesal Suractive Cream | 40 gm","46","https://cdn.chefaa.com/filters:format(webp)/public/uploads/products/algesal-suractive-40-gm-cream-qvrh-01669045161.png","https://chefaa.com/eg-ar/nowProduct/algesal-suractive-40-gm-cream-p4zv"
"الكابرس لعلاج ارتفاع ضغط الدم 5مج | 20 قرص","Alkapress High Blood Pressure 5mg | 20 Tabs","58","https://cdn.chefaa.com/filters:format(webp)/public/uploads/products/alkapress-high-blood-pressure-5mg-20tab-bx0c-01665392744.png","https://chefaa.com/eg-ar/nowProduct/alkapress-high-blood-pressure-5mg-20tab-bx0c"
"الكابريس تريو لعلاج ارتفاع ضغط الدم 5/160/12.5ملجم | 14 قرص","Alkapress Trio Treating High Blood Pressure 5/160/12.5mg | ...","97","https://cdn.chefaa.com/filters:format(webp)/public/uploads/products/alkapress-trio-treating-high-blood-pressure-5160125-mg-14tab-jv5m-01721562474.png","https://chefaa.com/eg-ar/nowProduct/alkapress-trio-treating-high-blood-pressure-5160125-mg-14tab-7uy1"
"الكابريس تريو لعلاج ارتفاع ضغط الدم 5/160/25ملجم | 14 قرص","Alkapress Trio Treating High Blood Pressure 5/160/25mg | 14...","110","https://cdn.chefaa.com/filters:format(webp)/public/uploads/products/alkapress-trio-treating-high-blood-pressure-5160125-mg-14tab-7uy1-du5kiiiu-01721562989.png","https://chefaa.com/eg-ar/nowProduct/alkapress-trio-treating-high-blood-pressure-5160125-mg-14tab-7uy1_du5kIIIU"
"دواء الكابرايد 50 لعسر الهضم alkapride | ٣٠ قرص","Alkapride 50mg | 30 Tabs","90","https://cdn.chefaa.com/filters:format(webp)/public/uploads/products/alkapride-50-mg-30-tab-7sg6-01666623958.png","https://chefaa.com/eg-ar/nowProduct/alkapride-50-mg-30-tab-rrow"
"ألليربان لعلاج الحساسية 1مج/5مل | 100مل شراب","Allerban Allergies 1mg/5ml | 100ml Susp","33","https://cdn.chefaa.com/filters:format(webp)/public/uploads/products/allerban-allergies-1mg5ml-100ml-susp-megz-01665594259.png","https://chefaa.com/eg-ar/nowProduct/allerban-allergies-1mg5ml-100ml-susp-megz"
"الليربان اس ار 2مجم | 20 قرص","Allerban Sr 2mg | 20 Tabs","38","https://cdn.chefaa.com/filters:format(webp)/public/uploads/products/allerban-s-r-2-mg-20-tab-6kde-01667862570.png","https://chefaa.com/eg-ar/nowProduct/allerban-s-r-2-mg-20-tab-t2fi"
"اليرفين 180مجم أقراص لعلاج أعراض الحساسية | 20 قرص","Allerfen Cough and Allergies 180mg | 20 Tabs","84","https://cdn.chefaa.com/filters:format(webp)/public/uploads/products/allerfen-cough-and-allergies-180mg-20tab-qc10-01692087701.png","https://chefaa.com/eg-ar/nowProduct/allerfen-cough-and-allergies-180mg-20tab-qc10"
"اليرجيكازون 125/50مكجم بخاخ للانف | 140جرعة 23مج","Allergicasone 125\50mcg Nasal Spray | 140 Actuations 23gm","92","https://cdn.chefaa.com/filters:format(webp)/public/uploads/products/allergicasone-12550-mcg-nasal-spray-140-actuations-x1ho-01721216832.png","https://chefaa.com/eg-ar/nowProduct/allergicasone-12550-mcg-nasal-spray-140-actuations-x1ho"
"اليرزون كريم للحساسية والالتهابات allerzone cream | ٢٥ جم","Allerzone | Cream | 25gm","40","https://cdn.chefaa.com/filters:format(webp)/public/uploads/products/allerzone-cream-25gm-zvjw-01686622306.png","https://chefaa.com/eg-ar/nowProduct/allerzone-cream-25gm-tzbs"
"أليفو 5مجم | 20 قرص","Allevo 5mg | 20 Tabs","52","https://cdn.chefaa.com/filters:format(webp)/public/uploads/products/allevo-5-mg-20-tab-hz7r-01667917240.png","https://chefaa.com/eg-ar/nowProduct/allevo-5-mg-20-tab-mrb6"
"شامبو الوكيتا الأزرق بالكافيين لتقليل تساقط الشعر | 200مل","Aloekita Hair shampoo | 200ml","199","https://cdn.chefaa.com/filters:format(webp)/public/uploads/products/aloekita-hair-shampoo-200ml-gp3a-01666758909.png","https://chefaa.com/eg-ar/nowProduct/aloekita-hair-shampoo-200ml-uw6j"
"ألفانوفا نقط للعين 0.15٪ | 5مل","Alphanova Eye Drops 0.15% | 5ml","57","https://cdn.chefaa.com/filters:format(webp)/public/uploads/products/alphanova-015-5-ml-drop-nybo-01672671852.png","https://chefaa.com/eg-ar/nowProduct/alphanova-015-5-ml-drop-vxlk"
"ألفيولين ب شراب | 100مل","Alveolin P Syrup | 100ml","50","https://cdn.chefaa.com/filters:format(webp)/public/uploads/products/alveolin-p-syrup-100-ml-nb1s-01667922507.png","https://chefaa.com/eg-ar/nowProduct/alveolin-p-syrup-100-ml-whlk"
"الفيرينسبازم مضاد للتقلصات ومضاد الانتفاخ | 24 كبسولة","Alverinspasm Antispasmodic & Antiflatulence | 24 Caps","74","https://cdn.chefaa.com/filters:format(webp)/public/uploads/products/alverinspasm-24-caps-st29-01721566586.png","https://chefaa.com/eg-ar/nowProduct/alverinspasm-24-caps-st29"
"الزنتال اقراص دواء لعلاج الديدان عند الكبار | 6 اقراص","Alzental | worms infections | 200mg | 6 Tabs","33","https://cdn.chefaa.com/filters:format(webp)/public/uploads/products/alzental-200mg-6-tabs-qsfw-01663775633.png","https://chefaa.com/eg-ar/nowProduct/alzental-200mg-6-tabs-qsfw"
"الزميندا | لعلاج الزهايمر | 10 مج | 20 مل نقط","Alzmenda | Alzheimer | 10 mg | 20 ml Drops","54","https://cdn.chefaa.com/filters:format(webp)/public/uploads/products/alzmenda-alzheimer-10mg-20ml-drops-rhti-01665676854.png","https://chefaa.com/eg-ar/nowProduct/alzmenda-alzheimer-10mg-20ml-drops-rhti"
"الزميندا لعلاج الزهايمر 20مج | 21 قرص","Alzmenda Alzheimer 20mg | 21 Tabs","75","https://cdn.chefaa.com/filters:format(webp)/public/uploads/products/alzmenda-alzheimer-20mg-21tab-dqmn-01665675585.png","https://chefaa.com/eg-ar/nowProduct/alzmenda-alzheimer-20mg-21tab-dqmn"
"الزميندا لعلاج الزهايمر 5مج | 14 قرص","Alzmenda Alzheimer 5mg | 14 Tabs","44","https://cdn.chefaa.com/filters:format(webp)/public/uploads/products/alzmenda-alzheimer-5mg-14tab-e7gd-01721302169.png","https://chefaa.com/eg-ar/nowProduct/alzmenda-alzheimer-5mg-14tab-e7gd"
"أماريل - م 2مجم/500مجم | 30قرص","Amaryl – M 2Mg/500Mg | 30 Tabs","102","https://cdn.chefaa.com/filters:format(webp)/public/uploads/products/amaryl-m-2mg500mg-30-tab-eihq-01668861238.png","https://chefaa.com/eg-ar/nowProduct/amaryl-m-2mg500mg-30-tab-txrx"
"اماريل لخفض نسبة السكر 2 مج | 30 قرص","Amaryl Lower Blood Sugar 2 mg | 30 Tab","78","https://cdn.chefaa.com/filters:format(webp)/public/uploads/products/amaryl-lower-blood-sugar-2mg-30tab-ecvk-01666712752.png","https://chefaa.com/eg-ar/nowProduct/amaryl-lower-blood-sugar-2mg-30tab-ecvk"
"اماريل لخفض نسبة السكر 3 مج | 30 قرص","Amaryl Lower Blood Sugar 3 mg | 30 Tab","87","https://cdn.chefaa.com/filters:format(webp)/public/uploads/products/amaryl-lower-blood-sugar-3mg-30tab-rszm-01668611597.png","https://chefaa.com/eg-ar/nowProduct/amaryl-lower-blood-sugar-3mg-30tab-rszm"
"اماريل لخفض نسبة السكر4 مج | 30 قرص","Amaryl Lower Blood Sugar 4 mg | 30 Tab","108","https://cdn.chefaa.com/filters:format(webp)/public/uploads/products/amaryl-lower-blood-sugar-4mg-30tab-7r7j-01666711170.png","https://chefaa.com/eg-ar/nowProduct/amaryl-lower-blood-sugar-4mg-30tab-7r7j"
"اقراص امبيزيم ج لعلاج التورم والالتهاب | 30 قرص","Ambezim G | Swellings and Blood Pools | 30 Tabs","102","https://cdn.chefaa.com/filters:format(webp)/public/uploads/products/ambezim-g-swellings-and-blood-pools-30tab-3dvj-01673270447.png","https://chefaa.com/eg-ar/nowProduct/ambezim-g-swellings-and-blood-pools-30tab-3dvj"
"امبروكسول نقط لعلاج أمراض الجهاز التنفسي 7.5مج/مل | 15مل","Ambroxol Drops Respiratory Diseases 7.5mg/ml | 15ml","16","https://cdn.chefaa.com/filters:format(webp)/public/uploads/products/ambroxol-respiratory-diseases-75mg-drops-gv5m-01670495973.png","https://chefaa.com/eg-ar/nowProduct/ambroxol-respiratory-diseases-75mg-drops-gv5m"
"اميبازول اقراص للاسهال والاميبا والتهابات المهبل amebazole ...","Amebazole | To Treat Acute Amebiasis | 1gm | 2 Tabs","27","https://cdn.chefaa.com/filters:format(webp)/public/uploads/products/1631531221amebazole-to-treat-acute-amebiasis-1gm-2-tabsjpg","https://chefaa.com/eg-ar/nowProduct/amebazole-to-treat-acute-amebiasis-1gm-2tab"
"اميجران ادكو | 30 قرص","Amigraine Adco | 30 Tabs","93","https://cdn.chefaa.com/filters:format(webp)/public/uploads/products/amigraine-30tab-n1h9-01680709229.png","https://chefaa.com/eg-ar/nowProduct/amigraine-30tab-vvve"
"أميكاسين بخاخ مضاد حيوي للجروح والحروق | 100 مل","Amikacin | Spray | 100ml","53","https://cdn.chefaa.com/filters:format(webp)/public/uploads/products/amikacin-spray-100-ml-ux7d-01670770821.png","https://chefaa.com/eg-ar/nowProduct/amikacin-spray-100-ml-ux7d"
"اميلو لعلاج الذبحة الصدرية وضغط الدم المرتفع 5مج | 30 قرص","Amilo Angina Pectoris and High Blood Pressure 5mg | 30 Tabs","54","https://cdn.chefaa.com/filters:format(webp)/public/uploads/products/amilo-angina-pectoris-and-high-blood-pressure-5mg-30tab-movy-01665497865.png","https://chefaa.com/eg-ar/nowProduct/amilo-angina-pectoris-and-high-blood-pressure-5mg-30tab-movy"
"اميبريد 50مج | 30 قرص","Amipride 50mg | 30 Tabs","111","https://cdn.chefaa.com/filters:format(webp)/public/uploads/products/amipride-50mg-30-tab-7nov-01721247333.png","https://chefaa.com/eg-ar/nowProduct/amipride-50mg-30-tab-7nov"
"أملوديبين 10مج | 20 قرص","Amlodipine 10mg | 20 Tabs","44","https://cdn.chefaa.com/filters:format(webp)/public/uploads/products/amlodipine-10mg-20tab-ior3-01683381628.png","https://chefaa.com/eg-ar/nowProduct/amlodipine-10mg-20tab-aith"
"اموسريبرال بلس الدوار والدوخة 20مج/40مج | 30 قرص","Amocerebral Plus Vertigo and Dizziness 20mg/40mg | 30 Tabs","36","https://cdn.chefaa.com/filters:format(webp)/public/uploads/products/amocerebral-plus-vertigo-and-dizziness-20mg40mg-30tab-zn3t-01673134364.png","https://chefaa.com/eg-ar/nowProduct/amocerebral-plus-vertigo-and-dizziness-20mg40mg-30tab-zn3t"
"اموسار فورت | لعلاج ارتفاع ضغط الدم 100/25مج | 30 قرص","Amosar Fort | High Blood Pressure 100/25mg | 30 Tabs","117","https://cdn.chefaa.com/filters:format(webp)/public/uploads/products/amosar-fort-high-blood-pressure-100-25mg-30tab-oekq-01673522690.png","https://chefaa.com/eg-ar/nowProduct/amosar-fort-high-blood-pressure-100-25mg-30tab-oekq"
"امريزول مضاد حيوي 250جم | 20 قرص","Amrizole Antibiotic 250mg | 20 Tabs","20","https://cdn.chefaa.com/filters:format(webp)/public/uploads/products/amrizole-250mg-20tabs-thqp-1641153739.png","https://chefaa.com/eg-ar/nowProduct/amrizole-250mg-20tabs-thqp"
"أمريزول إن | لبوس مهبلي | 5 أقماع","Amrizole N | 5 Vag. Supp","30","https://cdn.chefaa.com/filters:format(webp)/public/uploads/products/vaginal-amrizol-n-5-vag-supp-1642597706.png","https://chefaa.com/eg-ar/nowProduct/vaginal-amrizol-n-5-vag-supp"
"أمريزول لعلاج العدوى البكتيرية 500جم | 20 قرص","Amrizole To Treat Bacterial Infection 500mg | 20 Tabs","25","https://cdn.chefaa.com/filters:format(webp)/public/uploads/products/1631527984amrizole-to-treat-bacterial-infection-500mg-20tabsjpg","https://chefaa.com/eg-ar/nowProduct/amrizole-to-treat-bacterial-infection-500mg-20tab"
"أنافرونيل 25مجم | 30 قرص","Anafronil 25mg | 30 Tabs","66","https://cdn.chefaa.com/filters:format(webp)/public/uploads/products/anafronil-25-mg-30-tab-b7u9-01668347742.png","https://chefaa.com/eg-ar/nowProduct/anafronil-25-mg-30-tab-mehp"
"أنافرونيل إس آر 75مج | 20 قرص","Anafronil SR 75mg | 20 Tabs","106","https://cdn.chefaa.com/filters:format(webp)/public/uploads/products/anafronil-sr-75-mg-20-tab-lasf-01718729563.png","https://chefaa.com/eg-ar/nowProduct/anafronil-sr-75-mg-20-tab-lasf"
"اناستروزول ساندوز 1مج | 30 قرص","Anastrozole Sandoz 1mg | 30 Tabs","495","https://cdn.chefaa.com/filters:format(webp)/public/uploads/products/anastrozol-sandoz-1-mg-30-tab-5p7h-01669290867.png","https://chefaa.com/eg-ar/nowProduct/anastrozol-sandoz-1-mg-30-tab-bykv"
"مرطب اندوديرما جيل للبشرة الدهنية andoderma gel | ٥٠ مل","Andoderma Extra Emollient Gel | 50ml","110","https://cdn.chefaa.com/filters:format(webp)/public/uploads/products/andoderma-extra-emollient-gel-50ml-vwjr-01732722736.png","https://chefaa.com/eg-ar/nowProduct/andoderma-extra-emollient-gel-50ml-vwjr"
"اقراص اندوبوكسيتين 60 مجم لسرعة القذف | 6 اقراص","Andopoxetine 60mg | 6 Tabs","116","https://cdn.chefaa.com/filters:format(webp)/public/uploads/products/andopoxetine-60mg-6-tabs-fwaw-01718264996.png","https://chefaa.com/eg-ar/nowProduct/andopoxetine-60mg-6-tabs-msar"
"دواء اندوفيمباميد 100 للصرع andovimpamide tab | ٣٠ قرص","Andovimpamide Anticonvulsant 100mg | 30 Tabs","273","https://cdn.chefaa.com/filters:format(webp)/public/uploads/products/andovimpamide-anticonvulsant-100-mg-20-tabs-t1rr-01692174337.png","https://chefaa.com/eg-ar/nowProduct/andovimpamide-anticonvulsant-100-mg-20-tabs-t1rr"
"أنجيفلاش بخاخ لالتهاب الحلق | 20مل","Angiflash Sore Throat Spray | 20ml","270","https://cdn.chefaa.com/filters:format(webp)/public/uploads/products/angiflash-sore-throat-spray-20-mlsrei-01731836347.png","https://chefaa.com/eg-ar/nowProduct/angiflash-sore-throat-spray-20-mlsRei"
"انسيلاكوكس 120مجم | 10 أقراص","Anselacox 120mg | 10 Tabs","120","https://cdn.chefaa.com/filters:format(webp)/public/uploads/products/anselacox-120mg-10-tablet3-xuf9-01736098490.png","https://chefaa.com/eg-ar/nowProduct/anselacox-120mg-10-tablet3-xuf9"
"انتيكوكس مسكن ومضاد للالتهابات 15 ملغ / 3 مل | 6 امبولات","Anticox 15mg/3ml | 6 Ampoule","78","https://cdn.chefaa.com/filters:format(webp)/public/uploads/products/anti-cox-ii-15-mg-3-ml-6-amp-ef0g-01672741884.png","https://chefaa.com/eg-ar/nowProduct/anti-cox-ii-15-mg-3-ml-6-amp-wbxx"
"'انتي فلو كبسول للبرد | 20 كبسولة","Antiflu | 20 Capsule","38","https://cdn.chefaa.com/filters:format(webp)/public/uploads/products/antiflu-20-capsule-lqmc-01672741656.png","https://chefaa.com/eg-ar/nowProduct/antiflu-20-capsule-lscq"
"انتينال لعلاج الاسهال | 60مل شراب","Antinal To Treat Diarrhea | 60ml","24","https://cdn.chefaa.com/filters:format(webp)/public/uploads/products/1622553378antinal-syrup-220mg-5ml-susp-60ml-chefaapng","https://chefaa.com/eg-ar/nowProduct/antinal-syrup"
"انتينال لعلاج الاسهال 200مج | 24 كبسولة","Antinal To Treat Diarrhea 200mg | 24 Caps","52","https://cdn.chefaa.com/filters:format(webp)/public/uploads/products/antinal-tablet-01668934670.png","https://chefaa.com/eg-ar/nowProduct/antinal-tablet"
"أنتودين 40مجم | 30 قرص","Antodine 40mg | 30 Tabs","93","https://cdn.chefaa.com/filters:format(webp)/public/uploads/products/antodine-40-mg-30-tab-vogz-01666792420.png","https://chefaa.com/eg-ar/nowProduct/antodine-40-mg-30-tab-vcli"
"انتودين لعلاج حموضة و حرقة المعدة 20مج | 30 قرص","Antodine for the Treatment of Acidity and Heartburn 20mg | ...","60","https://cdn.chefaa.com/filters:format(webp)/public/uploads/products/antodine-for-the-treatment-of-acidity-and-heartburn-20mg-30tabs-kxlp-1641233774.png","https://chefaa.com/eg-ar/nowProduct/antodine-for-the-treatment-of-acidity-and-heartburn-20mg-30tabs-kxlp"
"انتوبرال 40 مجم لعلاج القرح و الحموضه | 14 قرص","Antopral Antacid 40gm | 14 Tabs","126","https://cdn.chefaa.com/filters:format(webp)/public/uploads/products/antopral-40g-14tablets-txaz-01753453178.png","https://chefaa.com/eg-ar/nowProduct/antopral-40g-14tablets-txaz"
"مسكن انوفا اقراص للألم anuva 50mg tab | ١٠ أقراص قابلة للذوبان","Anuva Arthritis 50mg | 10 Tabs","27","https://cdn.chefaa.com/filters:format(webp)/public/uploads/products/anuva-arthritis-50g-10tab-qhit-01666274804.png","https://chefaa.com/eg-ar/nowProduct/anuva-arthritis-50g-10tab-qhit"
"ابيكسيدون | لعلاج الأضطرابات النفسية | 3 مج | 30 قرص","Apexidone | Mental Disorders | 3 mg | 30 Tab","126","https://cdn.chefaa.com/filters:format(webp)/public/uploads/products/apexidone-mental-disorders-3mg-30tab-ug9s-01666015319.png","https://chefaa.com/eg-ar/nowProduct/apexidone-mental-disorders-3mg-30tab-ug9s"
"ابيكسيدون | شراب لعلاج الأضطرابات النفسية 1مج | 100مل","Apexidone | Susp Mental Disorders 1mg | 100ml","60","https://cdn.chefaa.com/filters:format(webp)/public/uploads/products/apexidone-mental-disorders-1mg-100ml-susp-8nzh-01670336428.png","https://chefaa.com/eg-ar/nowProduct/apexidone-mental-disorders-1mg-100ml-susp-8nzh"
"ابيكسيدون لعلاج الأضطرابات النفسية 1مج | 20 قرص","Apexidone Mental Disorders 1mg | 20 Tabs","54","https://cdn.chefaa.com/filters:format(webp)/public/uploads/products/apexidone-mental-disorders-1mg-20tab-7vgj-01666015420.png","https://chefaa.com/eg-ar/nowProduct/apexidone-mental-disorders-1mg-20tab-7vgj"
"ابيكسيدون لعلاج الأضطرابات النفسية 4مج | 30 قرص","Apexidone Mental Disorders 4mg | 30 Tabs","126","https://cdn.chefaa.com/filters:format(webp)/public/uploads/products/apexidone-mental-disorders-4mg-30tab-ypms-01666017955.png","https://chefaa.com/eg-ar/nowProduct/apexidone-mental-disorders-4mg-30tab-ypms"
"ابيدون شراب مضاد للحساسية والالتهابات | 125مل","Apidone Susp Antihistamine & Anti-Inflammatory | 125ml","24","https://cdn.chefaa.com/filters:format(webp)/public/uploads/products/apidone-anti-allergic-125ml-susp-eolb-01675345257.png","https://chefaa.com/eg-ar/nowProduct/apidone-anti-allergic-125ml-susp-eolb"
"أبل لايت 500مج | 30 قرص","Apple Lite 500mg | 30 Tabs","45","https://cdn.chefaa.com/filters:format(webp)/public/uploads/products/apple-lite-500-mg-30tab-ahbu-01736412566.png","https://chefaa.com/eg-ar/nowProduct/apple-lite-500-mg-30tab-ahbu"
"شراب اكوا بلس للرضع للمغص aqua plus syrup | ١٠٠ مل","Aqua Plus | 100ml Syrup","45","https://cdn.chefaa.com/filters:format(webp)/public/uploads/products/aqua-plus-100ml-syrup-e11l-1641226617.png","https://chefaa.com/eg-ar/nowProduct/aqua-plus-100ml-syrup-e11l"
"اريسيبت | لعلاج الزهايمر | 5 مج | 14 قرص","Aricept | Alzheimer | 5 mg | 14 Tab","392","https://cdn.chefaa.com/filters:format(webp)/public/uploads/products/aricept-alzheimer-5mg-14tab-cmbl-01665676047.png","https://chefaa.com/eg-ar/nowProduct/aricept-alzheimer-5mg-14tab-cmbl"
"أريميديكس 1 ملجم | 28 قرص","Arimidex 1mg | 28 Tablets","706","https://cdn.chefaa.com/filters:format(webp)/public/uploads/products/arimidex-1-mg-28-tab-q2mz-01669291149.png","https://chefaa.com/eg-ar/nowProduct/arimidex-1-mg-28-tab-7yzg"
"ارموويك 50مجم | 20 قرص","Armowake 50mg | 20 Tabs","86","https://cdn.chefaa.com/filters:format(webp)/public/uploads/products/armowake-50-mg-20-tabs-wbc4-01692271589.png","https://chefaa.com/eg-ar/nowProduct/armowake-50-mg-20-tabs-wbc4"
"اروملوك 2.5مج | 30 قرص مغلف","Aromalock 2.5mg | 30 Film Coated Tabs","621","https://cdn.chefaa.com/filters:format(webp)/public/uploads/products/aromalock-25-mg-30-tabs-aq3e-01737639485.png","https://chefaa.com/eg-ar/nowProduct/aromalock-25-mg-30-tabs-aq3e"
"ارث فري 20مج | 30 قرص","Arthfree 20mg | 30 Tabs","261","https://cdn.chefaa.com/filters:format(webp)/public/uploads/products/arth-free-leflunomide-20-mg-30-tab-jpoc-01675349972.png","https://chefaa.com/eg-ar/nowProduct/arth-free-leflunomide-20-mg-30-tab-jpoc"
"ارثينور لعلاج التهاب العظام | 10 كبسولات","Arthineur Osteoarthritis | 10 Caps","23","https://cdn.chefaa.com/filters:format(webp)/public/uploads/products/arthineur-osteoarthritis-10cap-xv9p-01666284506.png","https://chefaa.com/eg-ar/nowProduct/arthineur-osteoarthritis-10cap-xv9p"
"ارثروفاست | لعلاج التهاب المفاصل 150مج | 14 قرص","Arthrofast | Arthritis 150mg | 14 Tabs","120","https://cdn.chefaa.com/filters:format(webp)/public/uploads/products/arthrofast-arthritis-150mg-14tab-xwrw-01666609044.png","https://chefaa.com/eg-ar/nowProduct/arthrofast-arthritis-150mg-14tab-xwrw"
"ارتيسوي مكمل غذائي | 30 قرص مغلف","Artisoy Dietary Supplement | 30 Film Coated Tablets","240","https://cdn.chefaa.com/filters:format(webp)/public/uploads/products/artisoy-30-tab-3-stripsnet7-01732096131.png","https://chefaa.com/eg-ar/nowProduct/artisoy-30-tab-3-stripsnet7"
"ازماكاست | 10مج | 30 قرص","Asmakast | 10mg | 30 Tabs","156","https://cdn.chefaa.com/filters:format(webp)/public/uploads/products/asmakast-10-30-tabs-zowo-01675352144.png","https://chefaa.com/eg-ar/nowProduct/asmakast-10-30-tabs-zowo"
"ازماكاست | 5مجم | 30قرص","Asmakast | 5mg | 30tab","120","https://cdn.chefaa.com/filters:format(webp)/public/uploads/products/asmakast-5mg-montelukast-chewable-tablets9ivz-01734989076.png","https://chefaa.com/eg-ar/nowProduct/asmakast-5mg-montelukast-chewable-tablets9ivZ"
"اسبرين بروتكت 100 لحماية القلب (aspirin protect 100 mg) | ٣...","Aspirin Protect 100mg | 30 Tabs","78","https://cdn.chefaa.com/filters:format(webp)/public/uploads/products/aspirin-protect-100mg-30-tab-d4lv-01668675854.png","https://chefaa.com/eg-ar/nowProduct/aspirin-protect-100mg-30-tab-d4lv"
"أسبوسيد 75ملجم | 30قرص قابل للمضغ","Aspocid INF 75mg | 30 Chew Tabs","35","https://cdn.chefaa.com/filters:format(webp)/public/uploads/products/aspocid-inf-75mg-30chew-tab-o2jr-01669132612.png","https://chefaa.com/eg-ar/nowProduct/aspocid-inf-75mg-30chew-tab-puck"
"اسبريكارلو لمنع الجلطات والسكتات الدماغية | 30 قرص","Aspricarlo To Prevent Clots and Strokes | 30 Tabs","28.5","https://cdn.chefaa.com/filters:format(webp)/public/uploads/products/aspricarlo-to-prevent-clots-and-strokes-30tab-nr28-01665669882.png","https://chefaa.com/eg-ar/nowProduct/aspricarlo-to-prevent-clots-and-strokes-30tab-nr28"
"اتاكاند لعلاج ضغط الدم 16مج | 14 قرص","Atacand Blood Pressure 16mg | 14 Tabs","116","https://cdn.chefaa.com/filters:format(webp)/public/uploads/products/atacand-blood-pressure-16mg-14tab-tta4-01673523836.png","https://chefaa.com/eg-ar/nowProduct/atacand-blood-pressure-16mg-14tab-tta4"
"اتاكاند لعلاج ضغط الدم 4مج | 14 قرص","Atacand Blood Pressure 4mg | 14 Tabs","39.75","https://cdn.chefaa.com/filters:format(webp)/public/uploads/products/atacand-blood-pressure-4mg-14tab-yqx1-01665581336.png","https://chefaa.com/eg-ar/nowProduct/atacand-blood-pressure-4mg-14tab-yqx1"
"اتاكاند لعلاج ضغط الدم 8مج | 14 قرص","Atacand Blood Pressure 8mg | 14 Tabs","83","https://cdn.chefaa.com/filters:format(webp)/public/uploads/products/atacand-blood-pressure-8mg-14tab-lcwe-01665407673.png","https://chefaa.com/eg-ar/nowProduct/atacand-blood-pressure-8mg-14tab-lcwe"
"اتاكاند بلاس لعلاج ضغط الدم 16/ 12.5مج | 14 قرص","Atacand Plus Blood Pressure 16/12.5mg | 14 Tabs","116","https://cdn.chefaa.com/filters:format(webp)/public/uploads/products/atacand-plus-blood-pressure-16-12-5mg-14tab-asvo-01667916982.png","https://chefaa.com/eg-ar/nowProduct/atacand-plus-blood-pressure-16-12-5mg-14tab-asvo"
"اتينو | لعلاج ارتفاع ضغط الدم 100مج | 20 قرص","Ateno | High Blood Pressure 100mg | 20 Tabs","26","https://cdn.chefaa.com/filters:format(webp)/public/uploads/products/ateno-high-blood-pressure-100g-20tab-h5ax-01673351966.png","https://chefaa.com/eg-ar/nowProduct/ateno-high-blood-pressure-100g-20tab-h5ax"
"أتوموريلاكس شراب 20مل/5مل | 100مل","Atomorelax Syrup 20ml/5ml | 100 ml","128","https://cdn.chefaa.com/filters:format(webp)/public/uploads/products/atomorelax-20ml5ml-syrup-100ml-aeac-01670873633.png","https://chefaa.com/eg-ar/nowProduct/atomorelax-20ml5ml-syrup-100ml-aeac"
"اتوموكس ايبكس لعلاج فرط الحركة 10مج | 30 كبسولة","Atomox Apex Hypermobility 10mg | 30 Caps","90","https://cdn.chefaa.com/filters:format(webp)/public/uploads/products/atomox-apex-hypermobility-10mg-30cap-aznx-01674053636.png","https://chefaa.com/eg-ar/nowProduct/atomox-apex-hypermobility-10mg-30cap-aznx"
"اتوموكس ايبكس لعلاج فرط الحركة 25مج | 30 كبسولة","Atomox Apex Hypermobility 25mg | 30 Caps","252","https://cdn.chefaa.com/filters:format(webp)/public/uploads/products/atomox-apex-hypermobility-25mg-30cap-msmw-01670409328.png","https://chefaa.com/eg-ar/nowProduct/atomox-apex-hypermobility-25mg-30cap-msmw"
"اتوموكس ايبكس | لعلاج فرط الحركة 40مج | 30 كبسولة","Atomox Apex Hypermobility 40mg | 30 Caps","333","https://cdn.chefaa.com/filters:format(webp)/public/uploads/products/atomox-apex-hypermobility-40mg-30cap-eecw-01674054684.png","https://chefaa.com/eg-ar/nowProduct/atomox-apex-hypermobility-40mg-30cap-eecw"
"أتور | 20مج | 10قرص","Ator | 20mg | 10Tab","79","https://cdn.chefaa.com/filters:format(webp)/public/uploads/products/ator-20mg-10tab-pfck-01669543384.png","https://chefaa.com/eg-ar/nowProduct/ator-20mg-10tab-nfm5"
"أتور 10مجم | 7 أقراص","Ator 10mg | 7 Tabs","45","https://cdn.chefaa.com/filters:format(webp)/public/uploads/products/ator-10mg-7tab-kuot-01669538954.png","https://chefaa.com/eg-ar/nowProduct/ator-10mg-7tab-yugo"
"أتور 40ملجم | 10قرص","Ator 40mg | 10 Tabs","106","https://cdn.chefaa.com/filters:format(webp)/public/uploads/products/ator-40mg-10tab-tewr-01669543084.png","https://chefaa.com/eg-ar/nowProduct/ator-40mg-10tab-tqon"
"أتوريزا 10/10مج | 28 قرص","Atoreza 10/10mg | 28 Tabs","166","https://cdn.chefaa.com/filters:format(webp)/public/uploads/products/atoreza-10mg-10mg-28tab-d1dn-01669542793.png","https://chefaa.com/eg-ar/nowProduct/atoreza-10mg-10mg-28tab-0uor"
"أتوريزا 10مج / 20مج | 21قرص","Atoreza 10mg / 20mg | 21 Tabs","141","https://cdn.chefaa.com/filters:format(webp)/public/uploads/products/atoreza-10mg-20mg-21tab-cpfn-01669542189.png","https://chefaa.com/eg-ar/nowProduct/atoreza-10mg-20mg-21tab-jyz0"
"أتوريزا 10مجم/40مجم | 28 قرص","Atoreza 10mg/40mg | 28 Tabs","210","https://cdn.chefaa.com/filters:format(webp)/public/uploads/products/atoreza-4010mg-28-fc-tab-thhj-01670781691.png","https://chefaa.com/eg-ar/nowProduct/atoreza-4010mg-28-fc-tab-thhj"
"اتوريزا 10/80 مجم | 28 اقراص","Atoreza 10mg\80mg | 28 Tabs","210","https://cdn.chefaa.com/filters:format(webp)/public/uploads/products/atoreza-10mg-ezetimibe-80mg-atorvastatineuod-01732100231.png","https://chefaa.com/eg-ar/nowProduct/atoreza-10mg-ezetimibe--80mg-atorvastatineUOd"
"أتورستات 10ملجم | 14قرص","Atorstat 10mg | 14 Tabs","56","https://cdn.chefaa.com/filters:format(webp)/public/uploads/products/atorstat-10mg-14tab-btsq-01669691693.png","https://chefaa.com/eg-ar/nowProduct/atorstat-10mg-14tab-rgmf"
"اتورستات 20مجم | 14 قرص","Atorstat 20mg | 14 Tabs","64","https://cdn.chefaa.com/filters:format(webp)/public/uploads/products/اتورستات-20-مج-14-قرص-5lav-01670684003.png","https://chefaa.com/eg-ar/nowProduct/%D8%A7%D8%AA%D9%88%D8%B1%D8%B3%D8%AA%D8%A7%D8%AA-20-%D9%85%D8%AC-14-%D9%82%D8%B1%D8%B5-5lav"
"أتورستات مخفض لنسبة الكوليستيرول والدهون في الدم 40مج | 14 قرص","Atorstat Hypocholesterolemic & Hypolipidemic 40mg | 14 Tabs","76","https://cdn.chefaa.com/filters:format(webp)/public/uploads/products/atorstat-40mg-14tab-ujxm-01675348392.png","https://chefaa.com/eg-ar/nowProduct/atorstat-40mg-14tab-ujxm"
"اتروفنت 500مكجم 2مل | 20 فيال","Atrovent 500mcg 2ml | 20 Vials","286","https://cdn.chefaa.com/filters:format(webp)/public/uploads/products/atrovent-500-mcg2ml-20-unit-dose-vial-7c2l-01725019455.png","https://chefaa.com/eg-ar/nowProduct/atrovent-500-mcg2ml-20-unit-dose-vial-7c2l"
"أتروزيمب 20/10مجم | 30 قرص","Atrozemb 20/10mg | 30 Tabs","228","https://cdn.chefaa.com/filters:format(webp)/public/uploads/products/atrozemb-2010mg-30tab-itzy-01677420392.png","https://chefaa.com/eg-ar/nowProduct/atrozemb-2010mg-30tab-itzy"
"اتروزيمب اقراص 10/40 حبوب الكولسترول والدهون | 30 قرص","Atrozemb 40/10mg | 30 Tabs","243","https://cdn.chefaa.com/filters:format(webp)/public/uploads/products/atrozemb-1010mg-30tablet-paj6-01737236036.png","https://chefaa.com/eg-ar/nowProduct/atrozemb-1010mg-30tablet-paj6"
"أوجمنتين | 156 مجم/5 مل | مسحوق لعمل شراب معلق فموي | 80مل","Augmentin | 156mg/5ml powder for oral suspension | 80ml","99","https://cdn.chefaa.com/filters:format(webp)/public/uploads/products/augmentin-156-80mlrjbk-01733951290.png","https://chefaa.com/eg-ar/nowProduct/augmentin-156-80mlrjbK"
"اوجمنتين مضاد حيوي 1جم | 14 قرص","Augmentin Antibiotic 1gm | 14 Tabs","210","https://cdn.chefaa.com/filters:format(webp)/public/uploads/products/augmentin-antibiotic-1g-14tab-aoh8-1641396704.png","https://chefaa.com/eg-ar/nowProduct/augmentin-antibiotic-1g-14tab-aoh8"
"افيروزوليد مضاد حيوي 600مج | 10 اقراص","Averozolid Antibiotic 600mg | 10 Tabs","231","https://cdn.chefaa.com/filters:format(webp)/public/uploads/products/averozolid-antibiotic-600mg-10tab-dmuh-01721292383.png","https://chefaa.com/eg-ar/nowProduct/averozolid-antibiotic-600mg-10tab-dmuh"
"افيل حقن للحساسية للحقن العضلي 45.5 مج/ 2مل | 6 امبولات","Avil Antiallergic 45.5mg / 2ml IM Solution | 6 Ampoules","57","https://cdn.chefaa.com/filters:format(webp)/public/uploads/products/avil-antiallergic-allergy-ampoules-amp-455-mg-2-ml-6-ampoules-allergic-conditions-antihistaminic-and-anti-allergic-01742214161.png","https://chefaa.com/eg-ar/nowProduct/avil-antiallergic-allergy-ampoules-amp-455-mg-2-ml-6-ampoules-allergic-conditions-antihistaminic-and-anti-allergic"
"افيفافاسك لعلاج ارتفاع ضغط الدم 5/160مج | 28 قرص","Avivavasc High Blood Pressure 5/160mg | 28 Tabs","124","https://cdn.chefaa.com/filters:format(webp)/public/uploads/products/avivavasc-high-blood-pressure-5-160mg-28tab-nktg-01665486297.png","https://chefaa.com/eg-ar/nowProduct/avivavasc-high-blood-pressure-5-160mg-28tab-nktg"
"ازادرم كريم للتقشير وللحبوب وللتفتيح azaderm | ٣٠ جم","Azaderm Topical Cream 20% | 30gm","87","https://cdn.chefaa.com/filters:format(webp)/public/uploads/products/azaderm-cream20-30gm-fytm-01730708651.png","https://chefaa.com/eg-ar/nowProduct/azaderm-cream20-30gm-fytm"
"أزثيوبرين ايفافارما 50مجم | 30 قرص","Azathioprine Evapharma 50mg | 30 Tabs","96","https://cdn.chefaa.com/filters:format(webp)/public/uploads/products/azathioprine-rpg-50mg-100tab-0f88-01740221320.png","https://chefaa.com/eg-ar/nowProduct/azathioprine-rpg-50mg-100tab-0f88"
"ازيثروماش | مضاد حيوي لعلاج الالتهابات البكتيرية | 500مجم |...","Azithromash | Antibiotic to Treat Bacterial Infections | 50...","48","https://cdn.chefaa.com/filters:format(webp)/public/uploads/products/azithromash-antibiotic-to-treat-bacterial-infections-500mg-3tabs-wgig-01721561989.png","https://chefaa.com/eg-ar/nowProduct/azithromash-antibiotic-to-treat-bacterial-infections-500mg-3tabs-b3yw"
"أزروليد 500مجم | 3 قرص","Azrolid 500mg | 3 Tabs","63","https://cdn.chefaa.com/filters:format(webp)/public/uploads/products/azrolid-500mg-3tab-7ehl-01668006638.png","https://chefaa.com/eg-ar/nowProduct/azrolid-500mg-3tab-nvsl"
"أزروليد مضاد حيوي 200مج/5مل | 30مل","Azrolid Antibiotic 200mg/5ml | 30ml","62","https://cdn.chefaa.com/filters:format(webp)/public/uploads/products/azrolid-antibiotic-200mg5ml-30ml-boyg-01671108293.png","https://chefaa.com/eg-ar/nowProduct/azrolid-antibiotic-200mg5ml-30ml-boyg"
"بيبى ناديف سبراي الانف ماء البحر للجيوب الانفية للاطفال | 50مل","Baby Nadif Children Nasal Spray | 50ml","390","https://cdn.chefaa.com/filters:format(webp)/public/uploads/products/baby-nadif-nasal-spray-50-ml-21744196348.png","https://chefaa.com/eg-ar/nowProduct/baby-nadif-nasal-spray-50-ml"
"باكتيكلور | مضاد حيوي | 250 مج | 60 مل شراب","Bacticlor | Antibiotic | 250 mg | 60 ml Susp","136","https://cdn.chefaa.com/filters:format(webp)/public/uploads/products/bacticlor-antibiotic-250mg-60ml-susp-em7j-01665335580.png","https://chefaa.com/eg-ar/nowProduct/bacticlor-antibiotic-250mg-60ml-susp-em7j"
"بيتاديرم كريم 0.1٪ | 30جم","Betaderm Cream 0.1% | 30gm","23","https://cdn.chefaa.com/filters:format(webp)/public/uploads/products/betaderm-cream-01-30gm-r6kp-01667716940.png","https://chefaa.com/eg-ar/nowProduct/betaderm-cream-01-30gm-ptxv"
"بيتاديرم كريم 0.1٪ | 15جم","Betaderm Cream0.1% | 15gm","18","https://cdn.chefaa.com/filters:format(webp)/public/uploads/products/betaderm-cream01-15gm-0amo-01667715596.png","https://chefaa.com/eg-ar/nowProduct/betaderm-cream01-15gm-qoym"
"بيتادين | محلول مطهر للجروح والحروق الطفيفة | 60مل","Betadine | Antisepic Solution | 60ml","55","https://cdn.chefaa.com/filters:format(webp)/public/uploads/products/betadine-antisepic-solution-60-ml-01674814080.png","https://chefaa.com/eg-ar/nowProduct/betadine-antisepic-solution-60-ml"
"بيتافوس مضاد للالتهابات 2مل | 1 امبول","Betafos Anti-inflammatory | 2ml | 1 Amp","31","https://cdn.chefaa.com/filters:format(webp)/public/uploads/products/betafos-anti-inflammatory-2ml-1amp-bgqv-01666533661.png","https://chefaa.com/eg-ar/nowProduct/betafos-anti-inflammatory-2ml-1amp-bgqv"
"بيتاسيرك لعلاج الدوخة واضطرابات الدورة الدموية 24مج | 40 قرص","Betaserc Dizziness and Circulatory Disorders 24mg | 40 Tabs","218","https://cdn.chefaa.com/filters:format(webp)/public/uploads/products/betaserc-dizziness-and-circulatory-disorders-24mg-40tab-7noe-01700483182.png","https://chefaa.com/eg-ar/nowProduct/betaserc-dizziness-and-circulatory-disorders-24mg-40tab-7noe"
"باى-الكوفان 150مجم | 30 قرص","Bi-Alcofan 150mg | 30 Tabs","81","https://cdn.chefaa.com/filters:format(webp)/public/uploads/products/bi-alcofan-150-mg-30-tab-lasj-01673274279.png","https://chefaa.com/eg-ar/nowProduct/bi-alcofan-150-mg-30-tab-ycie"
"بيوتين بلس 4 10000 مكجم مكمل غذائي | 30 قرص","Biotin Plus 4 10000 Mcg Dietary Supplement | 30 Caps","245","https://cdn.chefaa.com/filters:format(webp)/public/uploads/products/biotin-plus-4-10000-mcg-dietary-supplement-30-caps-cuqf-01734956278.png","https://chefaa.com/eg-ar/nowProduct/biotin-plus-4-10000-mcg-dietary-supplement-30-caps-o67j"
"بيوفيت 12 | 2 أمبولة","Biovit 12 | 2 Ampoule","28","https://cdn.chefaa.com/filters:format(webp)/public/uploads/products/biovit-12-ampoule-xobp-01720286798.png","https://chefaa.com/eg-ar/nowProduct/biovit-12-ampoule-xobp"
"بيبريدين لعلاج الباركينسونية 2مج | 30 قرص","Biperiden Parkinsonism 2mg | 30 Tabs","51","https://cdn.chefaa.com/filters:format(webp)/public/uploads/products/biperiden-parkinsonism-2mg-30tab-swdy-01722179212.png","https://chefaa.com/eg-ar/nowProduct/biperiden-parkinsonism-2mg-30tab-swdy"
"باى-بروفينيد كيتوبروفين 150مج | 20 قرص","Bi-Profenid Ketoprofen 150mg | 20 Tabs","54","https://cdn.chefaa.com/filters:format(webp)/public/uploads/products/biprofenid-20-tablets-ca9f-01675169201.png","https://chefaa.com/eg-ar/nowProduct/biprofenid-20-tablets-ca9f"
"بزموت أوكسيد | 56قرص","Bismuth Oxide | 56Tab","196","https://cdn.chefaa.com/filters:format(webp)/public/uploads/products/bismuth-oxide-120-mg-56-tabs-9q49-01730065382.png","https://chefaa.com/eg-ar/nowProduct/bismuth-oxide-120-mg-56-tabs-9q49"
"بيزوكارد لعلاج ضغط الدم المرتفع 5مج | 30 قرص","Bisocard High Blood Pressure 5mg | 30 Tabs","63","https://cdn.chefaa.com/filters:format(webp)/public/uploads/products/bisocard-high-blood-pressure-5mg-30tab-pzfa-01720361795.png","https://chefaa.com/eg-ar/nowProduct/bisocard-high-blood-pressure-5mg-30tab-pzfa"
"دواء بيسلفون شراب للاطفال للكحة والسعال ٤مجم/5مل | 115مل","Bisolvon Cough Sedative 4mg Syrup Sugar Free Colorant Free ...","35","https://cdn.chefaa.com/filters:format(webp)/public/uploads/products/bisolvon-syrup-01742214324.png","https://chefaa.com/eg-ar/nowProduct/bisolvon-syrup"
"دواء بيسلفون اقراص مذيبة للبلغم للكحة والسعال 8 مجم | 20 قرص","Bisolvon Cough Sedative 8mg| 20 Tablets Dissolves Mucus","25","https://cdn.chefaa.com/filters:format(webp)/public/uploads/products/bisolvon-cough-sedative-8mg-10-tabs-syi3-01742214438.png","https://chefaa.com/eg-ar/nowProduct/bisolvon-cough-sedative-8mg-10-tabs-syi3"
"بيفاتراسين بخاخ للحروق للجروح bivatracin | ١٥٠ مل","Bivatracin | Spray for Skin Injuries | 150ml","83","https://cdn.chefaa.com/filters:format(webp)/public/uploads/products/bivatracin-spary-150-ml-01720447471.png","https://chefaa.com/eg-ar/nowProduct/bivatracin-spary-150-ml"
"بلينك blink قطرة غسول للعين للجفاف | 10 مل","Blink Intensive Tears Eye Drops | 10ml","320","https://cdn.chefaa.com/filters:format(webp)/public/uploads/products/blink-intensive-tears-eye-drops-10ml-01720625021.png","https://chefaa.com/eg-ar/nowProduct/blink-intensive-tears-eye-drops-10ml"
"بلوكاتنس لمعالجة إرتفاع ضغط الدم 5/160مج | 28 قرص","Blokatens High Blood Pressure 5/160mg | 28 Tabs","150","https://cdn.chefaa.com/filters:format(webp)/public/uploads/products/blokatens-high-blood-pressure-5-160mg-28tab-l3rk-01720627579.png","https://chefaa.com/eg-ar/nowProduct/blokatens-high-blood-pressure-5-160mg-28tab-l3rk"
"بونابكس علاج هشاشة العظام 70مج | 4 اقراص","Bonapex Osteoporosis 70mg | 4 Tabs","80","https://cdn.chefaa.com/filters:format(webp)/public/uploads/products/bonapex-osteoporosis-70mg-4tab-djun-01721160326.png","https://chefaa.com/eg-ar/nowProduct/bonapex-osteoporosis-70mg-4tab-djun"
"بوندايفيتون | 50000 وحدة دولية/2.5 مل | 4فيالات","Bonediviton | 50000 i.u./2.5ml | 4Vial","80","https://cdn.chefaa.com/filters:format(webp)/public/uploads/products/bonediviton-50000-iu25ml-4-sd-amp-bottlesnsxk-01734456341.png","https://chefaa.com/eg-ar/nowProduct/bonediviton-50000-iu25ml-4-sd-amp-bottlesnSxK"
"بورجازون | كريم لعلاج التهابات الصدفية والتأتب | 0.1% | 20جم","Borgasone | Cream to Treat the Inflammatory of Psoriasis & ...","35","https://cdn.chefaa.com/filters:format(webp)/public/uploads/products/borgasone-cream-01-20gm-eqxg-01667716674.png","https://chefaa.com/eg-ar/nowProduct/borgasone-cream-01-20gm-cdjn"
"برين-اوكس لعلاج اضطرابات الذاكرة | 20 كبسولة","Brain-Ox Memory Disorders | 20 Caps","170","https://cdn.chefaa.com/filters:format(webp)/public/uploads/products/brain-ox-memory-disorders-20cap-1rgy-01721161786.png","https://chefaa.com/eg-ar/nowProduct/brain-ox-memory-disorders-20cap-1rgy"
"بران كبسول للتخسيس وإنقاص الوزن ميباكو ميدى فود | 60 كبسولة","Bran | Slimming and Weight Loss Capsules 400mg | 60 Caps","48","https://cdn.chefaa.com/filters:format(webp)/public/uploads/products/bran-400mg-60cap-31qt-01681393684.png","https://chefaa.com/eg-ar/nowProduct/bran-400mg-60cap-jaoi"
"برافاماكس 200 ملجم | 10 أقراص","Bravamax 200mg | 10 Tabs","122","https://cdn.chefaa.com/filters:format(webp)/public/uploads/products/bravamax-200mg-10tab-v0or-01721162958.png","https://chefaa.com/eg-ar/nowProduct/bravamax-200mg-10tab-v0or"
"بريليك | للوقاية من الجلطات 60مج | 56 قرص","Brilique | To Prevent Clots 60mg | 56 Tabs","744","https://cdn.chefaa.com/filters:format(webp)/public/uploads/products/brilique-to-prevent-clots-60mg-56tab-1lcm-01721163489.png","https://chefaa.com/eg-ar/nowProduct/brilique-to-prevent-clots-60mg-56tab-1lcm"
"بريليك 90 مجم brilique 90 mg للوقاية من الجلطات | ٥٦ قرص","Brilique To Prevent Clots 90mg | 56 Tabs","1064","https://cdn.chefaa.com/filters:format(webp)/public/uploads/products/brilique-to-prevent-clots-90mg-56tab-nlwj-01721163703.png","https://chefaa.com/eg-ar/nowProduct/brilique-to-prevent-clots-90mg-56tab-nlwj"
"بريستافلام 100 مجم | 20 قرص","Bristaflam 100mg | 20 Tabs","102","https://cdn.chefaa.com/filters:format(webp)/public/uploads/products/bristaflam-100-mg-20-tab-t3ki-01669048644.png","https://chefaa.com/eg-ar/nowProduct/bristaflam-100-mg-20-tab-le1a"
"برونكوفين | شراب | 125مل","Bronchophane | Syrup | 125Ml","24","https://cdn.chefaa.com/filters:format(webp)/public/uploads/products/bronchophane-syrup-125ml-hsjo-01721232607.png","https://chefaa.com/eg-ar/nowProduct/bronchophane-syrup-125ml-hsjo"
"برونكو فاكسوم لتقوية المناعة | 10 كبسولات للكبار","Broncho-Vaxom Immunity Booster | 10 Caps - Adults","217","https://cdn.chefaa.com/filters:format(webp)/public/uploads/products/broncho-vaxom-immunity-booster-10caps-adults-gvta-01665416623.png","https://chefaa.com/eg-ar/nowProduct/broncho-vaxom-immunity-booster-10caps-adults-gvta"
"بروفين | 200 مجم | 30 قرص","Brufen | 200 mg | 30 Tablet","48","https://cdn.chefaa.com/filters:format(webp)/public/uploads/products/brufen-200-mg-30-tablet-w7lw-01723982787.png","https://chefaa.com/eg-ar/nowProduct/brufen-200-mg-30-tablet-w7lw"
"بروفين 400 ملجم مسكن ومضاد للالتهاب قوي | 30 قرص","Brufen | 400mg | 30 Tablet","78","https://cdn.chefaa.com/filters:format(webp)/public/uploads/products/brufen-400mg-30-tablets-x0m6-01721234522.png","https://chefaa.com/eg-ar/nowProduct/brufen-400mg-30-tablets-x0m6"
"بروفين مسكن للالم 600 مجم | 30قرص","Brufen | 600Mg | 30Tab","99","https://cdn.chefaa.com/filters:format(webp)/public/uploads/products/brufen-600-mg-30-tabs-qycp-01670874549.png","https://chefaa.com/eg-ar/nowProduct/brufen-600-mg-30-tabs-qycp"
"بروفين | شراب 100 مجم | 150 مل","Brufen | Syrup 100mg | 150 Ml","44","https://cdn.chefaa.com/filters:format(webp)/public/uploads/products/brufen-100-mg-5-ml-syrup-igrk-01721234428.png","https://chefaa.com/eg-ar/nowProduct/brufen-100-mg-5-ml-syrup-igrk"
"بروفين 600ملجم | 10 اكياس","Brufen 600mg | 10 Sachets","60","https://cdn.chefaa.com/filters:format(webp)/public/uploads/products/brufen-600-mg-10-eff-gr-in-sachets-khls-01721754920.png","https://chefaa.com/eg-ar/nowProduct/brufen-600-mg-10-eff-gr-in-sachets-khls"
"برناسورس مرهم burnasores بعد الليزر وللحروق والجروح | 15 جم","Burnasores | Oint 0.25% | 15gm","110","https://cdn.chefaa.com/filters:format(webp)/public/uploads/products/burnasores-oint-025-15gm-pmcc-01667202719.png","https://chefaa.com/eg-ar/nowProduct/burnasores-oint-025-15gm-yyy6"
"بسكوبان حقن مضاد للتقلصات ومسكن للألم | 20 مجم | 6 امبولات","Buscopan | Antispasmodic |6 Ampoules (IM,IV,SC)|For Abdomin...","66","https://cdn.chefaa.com/filters:format(webp)/public/uploads/products/buscopan-6-ampoules-1mg-fmsv-01742215231.png","https://chefaa.com/eg-ar/nowProduct/buscopan-6-ampoules-1mg-fmsv"
"دواء بسكوبان للمغص والقولون والدورة 10 مجم | 20 قرص","Buscopan Antispasmodic 10mg for abdominal Pain discomfort &...","56","https://cdn.chefaa.com/filters:format(webp)/public/uploads/products/buscopan-10mg-20-tab-01742215095.png","https://chefaa.com/eg-ar/nowProduct/buscopan-10mg-20-tab"
"كالاميل لوشن مرطب للاطفال والكبار للمناطق الحساسة | 100 مل","Calamyl Lotion | 100Ml","49","https://cdn.chefaa.com/filters:format(webp)/public/uploads/products/calamyl-lotion-100ml-bybs-01668573830.png","https://chefaa.com/eg-ar/nowProduct/calamyl-lotion-100ml-rj4q"
"كالسيمات 500مجم | 12 كبسولة","Calcimate 500mg | 12 Caps","20","https://cdn.chefaa.com/filters:format(webp)/public/uploads/products/calcimate-500-mg-12-capsules-bnze-01722223684.png","https://chefaa.com/eg-ar/nowProduct/calcimate-500-mg-12-capsules-bnze"
"كالسيترون | 30 كبسوله","Calcitron | 30 Caps","144","https://cdn.chefaa.com/filters:format(webp)/public/uploads/products/calcitron-30-caps-nkgw-01690292776.png","https://chefaa.com/eg-ar/nowProduct/calcitron-30-caps-nkgw"
"كالسيوم د3ف حبوب الكالسيوم وفيتامين د للعظام والهشاشة | 30 قرص","Calcium D3F | 30Tab","51","https://cdn.chefaa.com/filters:format(webp)/public/uploads/products/calcium-d3f-30-tab-eisd-01670768284.png","https://chefaa.com/eg-ar/nowProduct/calcium-d3f-30-tab-eisd"
"كال هيبارين لزيادة سيولة الدم 5000 وحدة دولية | 3حقن","CalHeparine To Increase Blood Fluidity 5000 IU | 3Amp","198","https://cdn.chefaa.com/filters:format(webp)/public/uploads/products/cal-heparine-to-increase-blood-fluidity-5000-iu-3amp-4cma-01665661772.png","https://chefaa.com/eg-ar/nowProduct/cal-heparine-to-increase-blood-fluidity-5000-iu-3amp-4cma"
"كالتونكس أقراص للوقاية من الهشاشة وتقوية العظام والأسنان | ...","Caltonex | 30 Tabs","84","https://cdn.chefaa.com/filters:format(webp)/public/uploads/products/caltonex-30tab-qaty-01744550524.png","https://chefaa.com/eg-ar/nowProduct/caltonex-30tab-qaty"
"كاندلكان لعلاج ارتفاع ضغط الدم 16مج | 14 قرص","Candalkan High Blood Pressure 16mg | 14 Tabs","60","https://cdn.chefaa.com/filters:format(webp)/public/uploads/products/candalkan-high-blood-pressure-16mg-14tab-vn4l-01722264733.png","https://chefaa.com/eg-ar/nowProduct/candalkan-high-blood-pressure-16mg-14tab-vn4l"
"كاندلكان لعلاج ارتفاع ضغط الدم 8مج | 14 قرص","Candalkan High Blood Pressure 8mg | 14 Tabs","48","https://cdn.chefaa.com/filters:format(webp)/public/uploads/products/candalkan-high-blood-pressure-8mg-14tab-0z9i-01722264231.png","https://chefaa.com/eg-ar/nowProduct/candalkan-high-blood-pressure-8mg-14tab-0z9i"
"كاندلكان بلس لعلاج إرتفاع ضغط الدم 16/12.5مج | 14 قرص","Candalkan Plus High Blood Pressure 16/12.5mg | 14 Tabs","74","https://cdn.chefaa.com/filters:format(webp)/public/uploads/products/candalkan-plus-high-blood-pressure-16-12-5mg-14tab-r0yp-01722264944.png","https://chefaa.com/eg-ar/nowProduct/candalkan-plus-high-blood-pressure-16-12-5mg-14tab-r0yp"
"كانديكيور 1٪ كريم | 30جم","Candicure 1% Cream | 30gm","36","https://cdn.chefaa.com/filters:format(webp)/public/uploads/products/candicure-1-cream-30gm-3kig-01668922334.png","https://chefaa.com/eg-ar/nowProduct/candicure-1-cream-30gm-rulr"
"كانديستان 1% كريم موضعي | 40جم","Candistan 1% Topical Cream | 40gm","33","https://cdn.chefaa.com/filters:format(webp)/public/uploads/products/candistan-1-topical-cream-40gm-qctf-01722270251.png","https://chefaa.com/eg-ar/nowProduct/candistan-1-topical-cream-40gm-qctf"
"كابوتن لعلاج ارتفاع ضغط الدم 50مج | 10 اقراص","Capoten High Blood Pressure 50mg | 10 Tabs","24","https://cdn.chefaa.com/filters:format(webp)/public/uploads/products/capoten-high-blood-pressure-50mg-10tab-dpoe-01724028637.png","https://chefaa.com/eg-ar/nowProduct/capoten-high-blood-pressure-50mg-10tab-dpoe"
"كابوتريل لعلاج ارتفاع ضغط الدم 25مج | 20 قرص","Capotril High Blood Pressure 25mg | 20 Tabs","20","https://cdn.chefaa.com/filters:format(webp)/public/uploads/products/capotril-high-blood-pressure-25mg-20tab-tdic-01724028559.png","https://chefaa.com/eg-ar/nowProduct/capotril-high-blood-pressure-25mg-20tab-tdic"
"كاربيمازول مشاكل الغدة الدرقية 5 مج | 50 قرص","Carbimazole Thyroid Problems 5 mg | 50 Tabs","60","https://cdn.chefaa.com/filters:format(webp)/public/uploads/products/carbimazole-thyroid-problems-5mg-50tab-qxio-01724026129.png","https://chefaa.com/eg-ar/nowProduct/carbimazole-thyroid-problems-5mg-50tab-qxio"
"كارديلول سى اس 6.25مج | 30 قرص","Cardilol CS 6.25mg | 30 Tabs","39","https://cdn.chefaa.com/filters:format(webp)/public/uploads/products/cardilol-cs-625mg-30tab-zsph-01682442388.png","https://chefaa.com/eg-ar/nowProduct/cardilol-cs-625mg-30tab-f0ia"
"كاردورا علاج تضخم البروستاتا 1مج | 21 قرص","Cardura BPH 1mg | 21 Tabs","78","https://cdn.chefaa.com/filters:format(webp)/public/uploads/products/cardura-bph-1mg-21tab-smlk-01724025343.png","https://chefaa.com/eg-ar/nowProduct/cardura-bph-1mg-21tab-smlk"
"كاردورا علاج تضخم البروستاتا 4مج | 14 قرص","Cardura BPH 4mg | 14 Tabs","80","https://cdn.chefaa.com/filters:format(webp)/public/uploads/products/cardura-bph-4mg-14tab-r7bm-01724024534.png","https://chefaa.com/eg-ar/nowProduct/cardura-bph-4mg-14tab-r7bm"
"كارديورا اكس ال للضغط والبروستاتا 4جم | 28 قرص","Cardura XL for Pressure & Prostate 4mg | 28 Tabs","255","https://cdn.chefaa.com/filters:format(webp)/public/uploads/products/cardura-xl-4-mg-28-tab-01724024462.png","https://chefaa.com/eg-ar/nowProduct/cardura-xl-4-mg-28-tab"
"كير ديبين 20مجم | 20 قرص","Care Dipine 20mg | 20 Tabs","98","https://cdn.chefaa.com/filters:format(webp)/public/uploads/products/care-dipine-10mg-20-tablet-sznw-01736901490.png","https://chefaa.com/eg-ar/nowProduct/care-dipine-10mg-20-tablet-sznw"
"كارنيفيتا فورت | 30قرص","Carnivita Forte | 30Tab","177","https://cdn.chefaa.com/filters:format(webp)/public/uploads/products/carnivita-forte-30tab-faa1-01669036401.png","https://chefaa.com/eg-ar/nowProduct/carnivita-forte-30tab-4ngv"
"كارفيد 6.25مج | 30 قرص","Carvid 6.25mg | 30 Tabs","45","https://cdn.chefaa.com/filters:format(webp)/public/uploads/products/carvid-625mg-30-tab-5muh-01723028702.png","https://chefaa.com/eg-ar/nowProduct/carvid-625mg-30-tab-5muh"
"كاسوديكس 50 ملجم | 28 قرص","Casodex 50 Mg | 28 Tabs","940","https://cdn.chefaa.com/filters:format(webp)/public/uploads/products/casodex-50-mg-28-tab-dmja-01669207741.png","https://chefaa.com/eg-ar/nowProduct/casodex-50-mg-28-tab-zdic"
"فوار كتافاست للاسنان ومسكن للصداع catafast | ٩ أكياس","Catafast | Relieves Toothache and Headache 50mg | 9 Sachets","72","https://cdn.chefaa.com/filters:format(webp)/public/uploads/products/catafast-50-mg-sachets-01723553210.png","https://chefaa.com/eg-ar/nowProduct/catafast-50-mg-sachets"
"كتافلام أمبول 75جم 3مل | 6 أمبول","Cataflam 75mg 3ml | 6 Amp","120","https://cdn.chefaa.com/filters:format(webp)/public/uploads/products/1621862599cataflam-75mg-3ml-6-amp-chefaapng","https://chefaa.com/eg-ar/nowProduct/cataflam-75mg-3-ml-6-amp"
"سيفاكسون | 1جم | 1فيال","Cefaxone | 1gm | vial","69","https://cdn.chefaa.com/filters:format(webp)/public/uploads/products/cefaxone-1g-ceftriaxone-broad-spectrum-antibiotic-powder-vial-lidocaine-hydrochloride-ampoule-for-intramuscular-injectionugxh-01736166197.png","https://chefaa.com/eg-ar/nowProduct/cefaxone-1g-ceftriaxone-broad-spectrum-antibiotic-powder-vial--lidocaine-hydrochloride-ampoule-for-intramuscular-injectionUgXH"
"سيفوتاكس | مضاد حيوي | 2 جم | 1 فيال","Cefotax | Antibiotic | 2 g | 1 Vial","62","https://cdn.chefaa.com/filters:format(webp)/public/uploads/products/cefotax-antibiotic-2g-1vial-tzjf-01667836608.png","https://chefaa.com/eg-ar/nowProduct/cefotax-antibiotic-2g-1vial-tzjf"
"سيفوتاكس مضاد حيوي 1جم | 1 فيال","Cefotax Antibiotic 1g | 1 Vial","43","https://cdn.chefaa.com/filters:format(webp)/public/uploads/products/cefotax-antibiotic-1-g-1-vial-boja-01723550792.png","https://chefaa.com/eg-ar/nowProduct/cefotax-antibiotic-1-g-1-vial-boja"
"سيفترياكسون مضاد حيوي للحقن العضلي 1جم | 1 فيال","Ceftriaxone Antibiotic IM 1gm | 1 Vial Sandoz","95","https://cdn.chefaa.com/filters:format(webp)/public/uploads/products/ceftriaxone-antibiotic-1gm-1vial-sandoz-8kk7-1641677724.png","https://chefaa.com/eg-ar/nowProduct/ceftriaxone-antibiotic-1gm-1vial-sandoz-8kk7"
"سليبريكس | 200مجم | 10قرص","Celebrex | 200Mg | 10Cap","132","https://cdn.chefaa.com/filters:format(webp)/public/uploads/products/celebrex-200mg-30cap-tzl4-01723391490.png","https://chefaa.com/eg-ar/nowProduct/celebrex-200mg-30cap-tzl4"
"سيليبريكس مسكن للالم 100مج | 10 كبسولات","Celebrex Pain Reliever 100mg | 10 Caps","92","https://cdn.chefaa.com/filters:format(webp)/public/uploads/products/celebrex-pain-reliever-100mg-10cap-mjts-01723390743.png","https://chefaa.com/eg-ar/nowProduct/celebrex-pain-reliever-100mg-10cap-mjts"
"سيلسبت 500 مجم مثبط للمناعة | 50 قرص","Cellcept 500Mg | 50 Tabs","1460","https://cdn.chefaa.com/filters:format(webp)/public/uploads/products/cellcept-500mg-50tab-bwwo-01669470702.png","https://chefaa.com/eg-ar/nowProduct/cellcept-500mg-50tab-d0e6"
"سينترافيتا جينكو | 20 كبسولة جيلاتينية صلبة","Centravita Ginko | 20 Hard Gelatin Cap","250","https://cdn.chefaa.com/filters:format(webp)/public/uploads/products/centravita-ginko-20-cap-2-stripsot8y-01731597319.png","https://chefaa.com/eg-ar/nowProduct/centravita-ginko-20-cap-2-stripsOt8y"
"كيبوركس مضاد حيوي 1جم | 8 اقراص","Ceporex Antibiotic 1mg | 8 Tabs","78","https://cdn.chefaa.com/filters:format(webp)/public/uploads/products/ceporex-antibiotic-1g-8tab-amx6-01723387877.png","https://chefaa.com/eg-ar/nowProduct/ceporex-antibiotic-1g-8tab-amx6"
"سيريبروليسين علاج السكتات الدماغية 5مل | 5 حقن","Cerebrolysin Stroke Treatment 5ml | 5 Vials","740","https://cdn.chefaa.com/filters:format(webp)/public/uploads/products/cerebrolysin-stroke-sreatment-5ml-5vial-6fua-01723049312.png","https://chefaa.com/eg-ar/nowProduct/cerebrolysin-stroke-sreatment-5ml-5vial-6fua"
"سريبروماب | لعلاج اضطرابات الاوعية الدماغية 200مج | 30 كبسولة","Cerebromap | Cerebrovascular Disorders 200mg | 30 Caps","225","https://cdn.chefaa.com/filters:format(webp)/public/uploads/products/cerebromap-cerebrovascular-disorders-200mg-30cap-dzsr-01723049152.png","https://chefaa.com/eg-ar/nowProduct/cerebromap-cerebrovascular-disorders-200mg-30cap-dzsr"
"سيربرونال | 45 كبسولة.","Cerebronal | 45 Caps","850","https://cdn.chefaa.com/filters:format(webp)/public/uploads/products/cerebronal-45-capsfbrv-01735161252.png","https://chefaa.com/eg-ar/nowProduct/cerebronal-45-capsFBrV"
"سيرفيتولكا | ادفانس | 20 كبسولة","Cervetolka | Advance | 20 Caps","300","https://cdn.chefaa.com/filters:format(webp)/public/uploads/products/cervetolka-advance-20-caps-eqf8-01727871748.png","https://chefaa.com/eg-ar/nowProduct/cervetolka-advance-20-caps-eqf8"
"سيرفيتام لتحسين أعراض الدوخة | 20 كبسولة","Cervitam To Improve the Symptoms of Dizziness | 20 Caps","118","https://cdn.chefaa.com/filters:format(webp)/public/uploads/products/cervitam-to-improve-the-symptoms-of-dizziness-20cap-5lq3-01723047225.png","https://chefaa.com/eg-ar/nowProduct/cervitam-to-improve-the-symptoms-of-dizziness-20cap-5lq3"
"سيتال | 120مجم | 5 اقماع للأطفال","Cetal | 120 mg | 5 Infantile Suppository","13","https://cdn.chefaa.com/filters:format(webp)/public/uploads/products/cetal-120-mg-5-infantile-suppository-yckx-01682821007.png","https://chefaa.com/eg-ar/nowProduct/cetal-120-mg-5-infantile-suppository--yckx"
"سيتال | نقط للرضع | 100مج | 15 مل","Cetal | Baby Drops | 100mg | 15 ml","23","https://cdn.chefaa.com/filters:format(webp)/public/uploads/products/cetal-drops-15-ml-01728306904.png","https://chefaa.com/eg-ar/nowProduct/cetal-drops-15-ml"
"سيتال كولد اند فلو خافض للحرارة | 20 قرص","Cetal cold & flu Antiviral | 20 Caps","36","https://cdn.chefaa.com/filters:format(webp)/public/uploads/products/1630838857cetal-cold-flu-20-capsjpg","https://chefaa.com/eg-ar/nowProduct/cetal-cold-flu-20-caps"
"سيتال مسكن للآلام 500مج | 20 قرص","Cetal Pain Reliever 500mg | 20 Tabs","24","https://cdn.chefaa.com/filters:format(webp)/public/uploads/products/cetal-tablets-500gm-01673528150.png","https://chefaa.com/eg-ar/nowProduct/cetal-tablets-500gm"
"سيتال شراب 250جم/5مل ملعقة | 60مل","Cetal Syrup 250mg/5ml Susp | 60ml","31","https://cdn.chefaa.com/filters:format(webp)/public/uploads/products/cetal-syrup-01748335531.png","https://chefaa.com/eg-ar/nowProduct/cetal-syrup"
"سى اتش الفا لسلامة المفاصل خالي من السكر مع فيتامين سي | 10...","CH Alpha for Healthy Joints Suger Free with Vitamin C | 10 ...","330","https://cdn.chefaa.com/filters:format(webp)/public/uploads/products/ch-alpha-10sachets-lgb6-01723046610.png","https://chefaa.com/eg-ar/nowProduct/ch-alpha-10sachets-lgb6"
"سى إتش - ألفا بلس | 10 كيس","CH Alpha Plus | 10 sachets","350","https://cdn.chefaa.com/filters:format(webp)/public/uploads/products/ch-alpha-plus-10-sachets-sth1-01668937018.png","https://chefaa.com/eg-ar/nowProduct/ch-alpha-plus-10-sachets-9s19"
"كوليروز 10مج | 21قرص","Cholerose 10mg | 21 Tabs","102","https://cdn.chefaa.com/filters:format(webp)/public/uploads/products/cholerose-10mg-21tab-naxo-01722791204.png","https://chefaa.com/eg-ar/nowProduct/cholerose-10mg-21tab-naxo"
"كوليروز 20مج | 21قرص","Cholerose 20mg | 21 Tabs","132","https://cdn.chefaa.com/filters:format(webp)/public/uploads/products/cholerose-20mg-21tab-uylb-01722462425.png","https://chefaa.com/eg-ar/nowProduct/cholerose-20mg-21tab-uylb"
"كوليروز 40مجم | 28 قرص","Cholerose 40mg | 28 Tabs","228","https://cdn.chefaa.com/filters:format(webp)/public/uploads/products/cholerose-40-mg-28-fc-tabs-osgh-01730064916.png","https://chefaa.com/eg-ar/nowProduct/cholerose-40-mg-28-fc-tabs-osgh"
"كوليروز 5ملج | 14قرص","Cholerose 5mg | 14 Tabs","58","https://cdn.chefaa.com/filters:format(webp)/public/uploads/products/cholerose-5mg-14tab-qfcd-01670124934.png","https://chefaa.com/eg-ar/nowProduct/cholerose-5mg-14tab-d2ui"
"كوليروز بلس 10/10 مجم | 28 قرص","Cholerose plus 10/10 mg | 28 tabs","172","https://cdn.chefaa.com/filters:format(webp)/public/uploads/products/cholerose-plus-1010-mg-28-tabs-nk6o-01725100849.png","https://chefaa.com/eg-ar/nowProduct/cholerose-plus-1010-mg-28-tabs-nk6o"
"كوليروز بلس 10/20مجم | 28 قرص","Cholerose Plus 20/10mg | 28 Tabs","276","https://cdn.chefaa.com/filters:format(webp)/public/uploads/products/cholerose-plus-2010-28tab-3g9m-01758884800.png","https://chefaa.com/eg-ar/nowProduct/cholerose-plus-2010-28tab-3g9m"
"كوليتمب 10ملجم | 14قرص","Choletimb 10mg | 14 Tabs","65","https://cdn.chefaa.com/filters:format(webp)/public/uploads/products/choletimb-10mg-14tab-pyml-01670141314.png","https://chefaa.com/eg-ar/nowProduct/choletimb-10mg-14tab-6svm"
"سيدوفاج | 500 مجم | 10 أقراص","Cidophage | 500 mg | 10 Tabs","11","https://cdn.chefaa.com/filters:format(webp)/public/uploads/products/cidophage-500-mg-10-tabs-lfel-01693735386.png","https://chefaa.com/eg-ar/nowProduct/cidophage-500-mg-10-tabs-lfel"
"سيدوفاج ريتارد لعلاج السكر 850 مج | 60 قرص","Cidophage Retard Diabetes 850 mg | 60 Tab","96","https://cdn.chefaa.com/filters:format(webp)/public/uploads/products/cidophage-retard-diabetes-850mg-60tab-uou2-01666710231.png","https://chefaa.com/eg-ar/nowProduct/cidophage-retard-diabetes-850mg-60tab-uou2"
"اقراص سيناكالسيت 30مج لعلاج فرط نشاط الغدة الجار درقية | 10...","Cinacalcet 30mg | 10 Tabs","277","https://cdn.chefaa.com/filters:format(webp)/public/uploads/products/cinacalcet-30mg-10-tablet-gyt0-01702140635.png","https://chefaa.com/eg-ar/nowProduct/cinacalcet-30mg-10-tablet-gyt0"
"سيبالافيل 5 مجم لضعف الانتصاب | 30 قرص","Cipalafil 5 mg | 30 Tabs","195","https://cdn.chefaa.com/filters:format(webp)/public/uploads/products/cipalafil-5-mg-30-tab-6np9-01722946910.png","https://chefaa.com/eg-ar/nowProduct/cipalafil-5-mg-30-tab-6np9"
"سيبرالكس 10مجم | 28 قرص","Cipralex 10mg | 28 Tabs","392","https://cdn.chefaa.com/filters:format(webp)/public/uploads/products/cipralex-10-mg-28-fctabsgrri-01735293796.png","https://chefaa.com/eg-ar/nowProduct/cipralex-10-mg-28-fctabsgrRi"
"سبرابرو 10مج | 30 قرص","Ciprapro 10mg | 30 Tabs","237","https://cdn.chefaa.com/filters:format(webp)/public/uploads/products/ciprapro-10mg-20tab-jamm-01683491347.png","https://chefaa.com/eg-ar/nowProduct/ciprapro-10mg-20tab-5wbv"
"سيبرو لقتل الجراثيم والبكتريا 500مج | 10 اقراص","Cipro germs and Bacteria 500mg | 10 Tabs","53","https://cdn.chefaa.com/filters:format(webp)/public/uploads/products/cipro-germs-and-bacteria-500mg-10tab-ooht-1641679899.png","https://chefaa.com/eg-ar/nowProduct/cipro-germs-and-bacteria-500mg-10tab-ooht"
"سيبروسين | 0.3٪ قطرة للعين / الأذن | 5 مل","Ciprocin | 0.3% eye/ear drops | 5ml","21","https://cdn.chefaa.com/filters:format(webp)/public/uploads/products/ciprocin-0-3-eye-drops-5-ml-b1vc-01667746449.png","https://chefaa.com/eg-ar/nowProduct/ciprocin-0-3-eye-drops-5-ml-mkep"
"سيبروديازول | 20 قرص","Ciprodiazole | 20 Tabs","148","https://cdn.chefaa.com/filters:format(webp)/public/uploads/products/ciprodiazole-20-tab-5fpn-01666193862.png","https://chefaa.com/eg-ar/nowProduct/ciprodiazole-20-tab-wlfq"
"سيبروفار مضاد حيوي 500مج | 10 اقراص","Ciprofar Antibiotic 500mg | 10 Tabs","69","https://cdn.chefaa.com/filters:format(webp)/public/uploads/products/ciprofar-antibiotic-500mg-10tab-w592-1641686415.png","https://chefaa.com/eg-ar/nowProduct/ciprofar-antibiotic-500mg-10tab-w592"
"سيبروفلوكساسين 500مجم | 10 قرص","Ciprofloxacin 500mg | 10 Tabs","63","https://cdn.chefaa.com/filters:format(webp)/public/uploads/products/ciprofloxacin-500mg-10tab-yafm-01667752838.png","https://chefaa.com/eg-ar/nowProduct/ciprofloxacin-500mg-10tab-0gfm"
"سيبروفلوكساسين مضاد حيوي 750مج | 10 اقراص","Ciprofloxacin Antibiotic 750mg | 10 Tabs","89","https://cdn.chefaa.com/filters:format(webp)/public/uploads/products/ciprofloxacin-antibiotic-750mg-10tab-didg-1644192897.png","https://chefaa.com/eg-ar/nowProduct/ciprofloxacin-antibiotic-750mg-10tab-didg"
"سيبروميجا إكس إل مضاد حيوي 1جم | 14 قرص","Cipromega XL Antibiotic 1gm | 14 Tabs","128","https://cdn.chefaa.com/filters:format(webp)/public/uploads/products/cipromega-xl-antibiotic-1g-14tab-idez-01671113734.png","https://chefaa.com/eg-ar/nowProduct/cipromega-xl-antibiotic-1g-14tab-idez"
"سيتالو | 20 ملغ | 14 قرص","Citalo | 20 Mg | 14 Tablet","81","https://cdn.chefaa.com/filters:format(webp)/public/uploads/products/citalo-20-mg-14-tab-djtf-01668357476.png","https://chefaa.com/eg-ar/nowProduct/citalo-20-mg-14-tab-cvzz"
"سيتالو 10مجم/5مل شراب | 120مل","Citalo 10mg/5ml Syrup | 120ml","38","https://cdn.chefaa.com/filters:format(webp)/public/uploads/products/citalo-10mg5ml-syrup-120ml-afob-01673799914.png","https://chefaa.com/eg-ar/nowProduct/citalo-10mg5ml-syrup-120ml-gfyn"
"سيترونكس 10 ملغ | 14 قرص","Citapronex 10mg | 14 tabs","70","https://cdn.chefaa.com/filters:format(webp)/public/uploads/products/citapronex-10-mg-14-tab-c52b-01668357149.png","https://chefaa.com/eg-ar/nowProduct/citapronex-10-mg-14-tab-bnzb"
"سيترا فورت حبيبات لعلاج حصوات الكلى 2.4جم | 280 جم","Citra Forte Kidney Stones 2.4gm Granules | 280mg","208","https://cdn.chefaa.com/filters:format(webp)/public/uploads/products/citra-forte-kidney-stones-24g280g-granules-ki2b-01669302419.png","https://chefaa.com/eg-ar/nowProduct/citra-forte-kidney-stones-24g280g-granules-ki2b"
"سيتروبانتين كريم مرطب للجلد | 30جم‎","Citropanthen Cream | 30gm","60","https://cdn.chefaa.com/filters:format(webp)/public/uploads/products/citropanthen-cream-30mg-7t8f-01723104447.png","https://chefaa.com/eg-ar/nowProduct/citropanthen-cream-30mg-7t8f"
"كلاريتين شراب | للحساسية والجيوب الأنفية والزكام | 100 مل","Claritine 1mg/ml Syrup | 100ml","62","https://cdn.chefaa.com/filters:format(webp)/public/uploads/products/1622622310claritine-1mgml-syrup-100ml-chefaapng","https://chefaa.com/eg-ar/nowProduct/claritine-1mg-ml-syrup"
